record_id,event_id,source_record_id,road_id,road_name,location_name,location_precision,city,latitude,longitude,event_date,event_date_start,event_date_end,event_date_raw,rainfall_amount_mm,rainfall_scope,rainfall_scope_period,rainfall_is_road_specific,rainfall_duration_minutes,rainfall_duration_qualifier,rainfall_duration_text,rainfall_intensity_mm_hr,severity,severity_scope,description,source_name,source_url,evidence_status,confidence,threshold_status,threshold_assessment,threshold_limitations,is_priority_location,review_flags,source_sheet,source_excel_row,source_city_raw,source_location_raw,source_event_date_raw,source_rainfall_amount_raw,source_rainfall_scope_raw,source_duration_raw,source_severity_context_raw,source_evidence_note_raw,source_priority_label_raw
HIST-LOC-0006,EVT-88dc54c542b0,Citywide incidents!A6:J6,,,Shastri Nagar colony,NOT_ASSESSED,Kanpur,,,2013-06-28,,,2013-06-28,132.2,CITY_TOTAL,Kanpur city report; event-day total,false,,UNKNOWN,"Thursday night into Friday, through 11:00; full duration UNKNOWN",,Citywide waterlogging and road damage reported; exact depth/severity UNKNOWN for most named locations.,EVENT_CONTEXT,Source explicitly names this location. Rainfall and depth are road-specific only if the cited report says so.,The Times of India,https://timesofindia.indiatimes.com/city/kanpur/waterlogging-jolts-kanpur-municipal-corporation-into-action/articleshow/20822977.cms,REQUIRES_REVIEW,,UNKNOWN,INSUFFICIENT EVIDENCE FOR THRESHOLD,"INSUFFICIENT EVIDENCE FOR THRESHOLD: rainfall and duration are contextual, not a verified road-specific causal pairing.",false,[],Citywide incidents,6,Kanpur,Shastri Nagar colony,2013-06-28,132.2,Kanpur city report; event-day total,"Thursday night into Friday, through 11:00; full duration UNKNOWN",Citywide waterlogging and road damage reported; exact depth/severity UNKNOWN for most named locations.,Source explicitly names this location. Rainfall and depth are road-specific only if the cited report says so.,NO
HIST-LOC-0007,EVT-88dc54c542b0,Citywide incidents!A7:J7,,,Babupurwa,NOT_ASSESSED,Kanpur,,,2013-06-28,,,2013-06-28,132.2,CITY_TOTAL,Kanpur city report; event-day total,false,,UNKNOWN,"Thursday night into Friday, through 11:00; full duration UNKNOWN",,Citywide waterlogging and road damage reported; exact depth/severity UNKNOWN for most named locations.,EVENT_CONTEXT,Source explicitly names this location. Rainfall and depth are road-specific only if the cited report says so.,The Times of India,https://timesofindia.indiatimes.com/city/kanpur/waterlogging-jolts-kanpur-municipal-corporation-into-action/articleshow/20822977.cms,REQUIRES_REVIEW,,UNKNOWN,INSUFFICIENT EVIDENCE FOR THRESHOLD,"INSUFFICIENT EVIDENCE FOR THRESHOLD: rainfall and duration are contextual, not a verified road-specific causal pairing.",false,[],Citywide incidents,7,Kanpur,Babupurwa,2013-06-28,132.2,Kanpur city report; event-day total,"Thursday night into Friday, through 11:00; full duration UNKNOWN",Citywide waterlogging and road damage reported; exact depth/severity UNKNOWN for most named locations.,Source explicitly names this location. Rainfall and depth are road-specific only if the cited report says so.,NO
HIST-LOC-0008,EVT-88dc54c542b0,Citywide incidents!A8:J8,,,Gandhi Gram,NOT_ASSESSED,Kanpur,,,2013-06-28,,,2013-06-28,132.2,CITY_TOTAL,Kanpur city report; event-day total,false,,UNKNOWN,"Thursday night into Friday, through 11:00; full duration UNKNOWN",,Citywide waterlogging and road damage reported; exact depth/severity UNKNOWN for most named locations.,EVENT_CONTEXT,Source explicitly names this location. Rainfall and depth are road-specific only if the cited report says so.,The Times of India,https://timesofindia.indiatimes.com/city/kanpur/waterlogging-jolts-kanpur-municipal-corporation-into-action/articleshow/20822977.cms,REQUIRES_REVIEW,,UNKNOWN,INSUFFICIENT EVIDENCE FOR THRESHOLD,"INSUFFICIENT EVIDENCE FOR THRESHOLD: rainfall and duration are contextual, not a verified road-specific causal pairing.",false,[],Citywide incidents,8,Kanpur,Gandhi Gram,2013-06-28,132.2,Kanpur city report; event-day total,"Thursday night into Friday, through 11:00; full duration UNKNOWN",Citywide waterlogging and road damage reported; exact depth/severity UNKNOWN for most named locations.,Source explicitly names this location. Rainfall and depth are road-specific only if the cited report says so.,NO
HIST-LOC-0009,EVT-88dc54c542b0,Citywide incidents!A9:J9,,,Yashoda Nagar,NOT_ASSESSED,Kanpur,,,2013-06-28,,,2013-06-28,132.2,CITY_TOTAL,Kanpur city report; event-day total,false,,UNKNOWN,"Thursday night into Friday, through 11:00; full duration UNKNOWN",,Citywide waterlogging and road damage reported; exact depth/severity UNKNOWN for most named locations.,EVENT_CONTEXT,Source explicitly names this location. Rainfall and depth are road-specific only if the cited report says so.,The Times of India,https://timesofindia.indiatimes.com/city/kanpur/waterlogging-jolts-kanpur-municipal-corporation-into-action/articleshow/20822977.cms,REQUIRES_REVIEW,,UNKNOWN,INSUFFICIENT EVIDENCE FOR THRESHOLD,"INSUFFICIENT EVIDENCE FOR THRESHOLD: rainfall and duration are contextual, not a verified road-specific causal pairing.",false,[],Citywide incidents,9,Kanpur,Yashoda Nagar,2013-06-28,132.2,Kanpur city report; event-day total,"Thursday night into Friday, through 11:00; full duration UNKNOWN",Citywide waterlogging and road damage reported; exact depth/severity UNKNOWN for most named locations.,Source explicitly names this location. Rainfall and depth are road-specific only if the cited report says so.,NO
HIST-LOC-0010,EVT-88dc54c542b0,Citywide incidents!A10:J10,,,Kidwai Nagar,NOT_ASSESSED,Kanpur,,,2013-06-28,,,2013-06-28,132.2,CITY_TOTAL,Kanpur city report; event-day total,false,,UNKNOWN,"Thursday night into Friday, through 11:00; full duration UNKNOWN",,Citywide waterlogging and road damage reported; exact depth/severity UNKNOWN for most named locations.,EVENT_CONTEXT,Source explicitly names this location. Rainfall and depth are road-specific only if the cited report says so.,The Times of India,https://timesofindia.indiatimes.com/city/kanpur/waterlogging-jolts-kanpur-municipal-corporation-into-action/articleshow/20822977.cms,REQUIRES_REVIEW,,UNKNOWN,INSUFFICIENT EVIDENCE FOR THRESHOLD,"INSUFFICIENT EVIDENCE FOR THRESHOLD: rainfall and duration are contextual, not a verified road-specific causal pairing.",false,[],Citywide incidents,10,Kanpur,Kidwai Nagar,2013-06-28,132.2,Kanpur city report; event-day total,"Thursday night into Friday, through 11:00; full duration UNKNOWN",Citywide waterlogging and road damage reported; exact depth/severity UNKNOWN for most named locations.,Source explicitly names this location. Rainfall and depth are road-specific only if the cited report says so.,NO
HIST-LOC-0011,EVT-88dc54c542b0,Citywide incidents!A11:J11,,,Juhi railway underbridge,NOT_ASSESSED,Kanpur,,,2013-06-28,,,2013-06-28,132.2,CITY_TOTAL,Kanpur city report; event-day total,false,,UNKNOWN,"Thursday night into Friday, through 11:00; full duration UNKNOWN",,Citywide waterlogging and road damage reported; exact depth/severity UNKNOWN for most named locations.,EVENT_CONTEXT,Source explicitly names this location. Rainfall and depth are road-specific only if the cited report says so.,The Times of India,https://timesofindia.indiatimes.com/city/kanpur/waterlogging-jolts-kanpur-municipal-corporation-into-action/articleshow/20822977.cms,REQUIRES_REVIEW,,UNKNOWN,INSUFFICIENT EVIDENCE FOR THRESHOLD,"INSUFFICIENT EVIDENCE FOR THRESHOLD: rainfall and duration are contextual, not a verified road-specific causal pairing.",false,[],Citywide incidents,11,Kanpur,Juhi railway underbridge,2013-06-28,132.2,Kanpur city report; event-day total,"Thursday night into Friday, through 11:00; full duration UNKNOWN",Citywide waterlogging and road damage reported; exact depth/severity UNKNOWN for most named locations.,Source explicitly names this location. Rainfall and depth are road-specific only if the cited report says so.,NO
HIST-LOC-0012,EVT-88dc54c542b0,Citywide incidents!A12:J12,,,Rani Ghat road,NOT_ASSESSED,Kanpur,,,2013-06-28,,,2013-06-28,132.2,CITY_TOTAL,Kanpur city report; event-day total,false,,UNKNOWN,"Thursday night into Friday, through 11:00; full duration UNKNOWN",,Citywide waterlogging and road damage reported; exact depth/severity UNKNOWN for most named locations.,EVENT_CONTEXT,Source explicitly names this location. Rainfall and depth are road-specific only if the cited report says so.,The Times of India,https://timesofindia.indiatimes.com/city/kanpur/waterlogging-jolts-kanpur-municipal-corporation-into-action/articleshow/20822977.cms,REQUIRES_REVIEW,,UNKNOWN,INSUFFICIENT EVIDENCE FOR THRESHOLD,"INSUFFICIENT EVIDENCE FOR THRESHOLD: rainfall and duration are contextual, not a verified road-specific causal pairing.",false,[],Citywide incidents,12,Kanpur,Rani Ghat road,2013-06-28,132.2,Kanpur city report; event-day total,"Thursday night into Friday, through 11:00; full duration UNKNOWN",Citywide waterlogging and road damage reported; exact depth/severity UNKNOWN for most named locations.,Source explicitly names this location. Rainfall and depth are road-specific only if the cited report says so.,NO
HIST-LOC-0013,EVT-88dc54c542b0,Citywide incidents!A13:J13,,,Kidwai Nagar Site 1,NOT_ASSESSED,Kanpur,,,2013-06-28,,,2013-06-28,132.2,CITY_TOTAL,Kanpur city report; event-day total,false,,UNKNOWN,"Thursday night into Friday, through 11:00; full duration UNKNOWN",,Citywide waterlogging and road damage reported; exact depth/severity UNKNOWN for most named locations.,EVENT_CONTEXT,Source explicitly names this location. Rainfall and depth are road-specific only if the cited report says so.,The Times of India,https://timesofindia.indiatimes.com/city/kanpur/waterlogging-jolts-kanpur-municipal-corporation-into-action/articleshow/20822977.cms,REQUIRES_REVIEW,,UNKNOWN,INSUFFICIENT EVIDENCE FOR THRESHOLD,"INSUFFICIENT EVIDENCE FOR THRESHOLD: rainfall and duration are contextual, not a verified road-specific causal pairing.",false,[],Citywide incidents,13,Kanpur,Kidwai Nagar Site 1,2013-06-28,132.2,Kanpur city report; event-day total,"Thursday night into Friday, through 11:00; full duration UNKNOWN",Citywide waterlogging and road damage reported; exact depth/severity UNKNOWN for most named locations.,Source explicitly names this location. Rainfall and depth are road-specific only if the cited report says so.,NO
HIST-LOC-0014,EVT-88dc54c542b0,Citywide incidents!A14:J14,,,Sanigawan,NOT_ASSESSED,Kanpur,,,2013-06-28,,,2013-06-28,132.2,CITY_TOTAL,Kanpur city report; event-day total,false,,UNKNOWN,"Thursday night into Friday, through 11:00; full duration UNKNOWN",,Citywide waterlogging and road damage reported; exact depth/severity UNKNOWN for most named locations.,EVENT_CONTEXT,Source explicitly names this location. Rainfall and depth are road-specific only if the cited report says so.,The Times of India,https://timesofindia.indiatimes.com/city/kanpur/waterlogging-jolts-kanpur-municipal-corporation-into-action/articleshow/20822977.cms,REQUIRES_REVIEW,,UNKNOWN,INSUFFICIENT EVIDENCE FOR THRESHOLD,"INSUFFICIENT EVIDENCE FOR THRESHOLD: rainfall and duration are contextual, not a verified road-specific causal pairing.",false,[],Citywide incidents,14,Kanpur,Sanigawan,2013-06-28,132.2,Kanpur city report; event-day total,"Thursday night into Friday, through 11:00; full duration UNKNOWN",Citywide waterlogging and road damage reported; exact depth/severity UNKNOWN for most named locations.,Source explicitly names this location. Rainfall and depth are road-specific only if the cited report says so.,NO
HIST-LOC-0015,EVT-88dc54c542b0,Citywide incidents!A15:J15,,,"Saraymeeta, Panki Industrial Area",NOT_ASSESSED,Kanpur,,,2013-06-28,,,2013-06-28,132.2,CITY_TOTAL,Kanpur city report; event-day total,false,,UNKNOWN,"Thursday night into Friday, through 11:00; full duration UNKNOWN",,Citywide waterlogging and road damage reported; exact depth/severity UNKNOWN for most named locations.,EVENT_CONTEXT,Source explicitly names this location. Rainfall and depth are road-specific only if the cited report says so.,The Times of India,https://timesofindia.indiatimes.com/city/kanpur/waterlogging-jolts-kanpur-municipal-corporation-into-action/articleshow/20822977.cms,REQUIRES_REVIEW,,UNKNOWN,INSUFFICIENT EVIDENCE FOR THRESHOLD,"INSUFFICIENT EVIDENCE FOR THRESHOLD: rainfall and duration are contextual, not a verified road-specific causal pairing.",true,[],Citywide incidents,15,Kanpur,"Saraymeeta, Panki Industrial Area",2013-06-28,132.2,Kanpur city report; event-day total,"Thursday night into Friday, through 11:00; full duration UNKNOWN",Citywide waterlogging and road damage reported; exact depth/severity UNKNOWN for most named locations.,Source explicitly names this location. Rainfall and depth are road-specific only if the cited report says so.,YES — Panki (pavement type not distinguished)
HIST-LOC-0016,EVT-88dc54c542b0,Citywide incidents!A16:J16,,,Gujaini H and J Blocks,NOT_ASSESSED,Kanpur,,,2013-06-28,,,2013-06-28,132.2,CITY_TOTAL,Kanpur city report; event-day total,false,,UNKNOWN,"Thursday night into Friday, through 11:00; full duration UNKNOWN",,Citywide waterlogging and road damage reported; exact depth/severity UNKNOWN for most named locations.,EVENT_CONTEXT,Source explicitly names this location. Rainfall and depth are road-specific only if the cited report says so.,The Times of India,https://timesofindia.indiatimes.com/city/kanpur/waterlogging-jolts-kanpur-municipal-corporation-into-action/articleshow/20822977.cms,REQUIRES_REVIEW,,UNKNOWN,INSUFFICIENT EVIDENCE FOR THRESHOLD,"INSUFFICIENT EVIDENCE FOR THRESHOLD: rainfall and duration are contextual, not a verified road-specific causal pairing.",false,[],Citywide incidents,16,Kanpur,Gujaini H and J Blocks,2013-06-28,132.2,Kanpur city report; event-day total,"Thursday night into Friday, through 11:00; full duration UNKNOWN",Citywide waterlogging and road damage reported; exact depth/severity UNKNOWN for most named locations.,Source explicitly names this location. Rainfall and depth are road-specific only if the cited report says so.,NO
HIST-LOC-0017,EVT-88dc54c542b0,Citywide incidents!A17:J17,,,Chedi Singh Ka Purwa,NOT_ASSESSED,Kanpur,,,2013-06-28,,,2013-06-28,132.2,CITY_TOTAL,Kanpur city report; event-day total,false,,UNKNOWN,"Thursday night into Friday, through 11:00; full duration UNKNOWN",,Citywide waterlogging and road damage reported; exact depth/severity UNKNOWN for most named locations.,EVENT_CONTEXT,Source explicitly names this location. Rainfall and depth are road-specific only if the cited report says so.,The Times of India,https://timesofindia.indiatimes.com/city/kanpur/waterlogging-jolts-kanpur-municipal-corporation-into-action/articleshow/20822977.cms,REQUIRES_REVIEW,,UNKNOWN,INSUFFICIENT EVIDENCE FOR THRESHOLD,"INSUFFICIENT EVIDENCE FOR THRESHOLD: rainfall and duration are contextual, not a verified road-specific causal pairing.",false,[],Citywide incidents,17,Kanpur,Chedi Singh Ka Purwa,2013-06-28,132.2,Kanpur city report; event-day total,"Thursday night into Friday, through 11:00; full duration UNKNOWN",Citywide waterlogging and road damage reported; exact depth/severity UNKNOWN for most named locations.,Source explicitly names this location. Rainfall and depth are road-specific only if the cited report says so.,NO
HIST-LOC-0018,EVT-88dc54c542b0,Citywide incidents!A18:J18,,,VIP Road,NOT_ASSESSED,Kanpur,,,2013-06-28,,,2013-06-28,132.2,CITY_TOTAL,Kanpur city report; event-day total,false,,UNKNOWN,"Thursday night into Friday, through 11:00; full duration UNKNOWN",,Citywide waterlogging and road damage reported; exact depth/severity UNKNOWN for most named locations.,EVENT_CONTEXT,Source explicitly names this location. Rainfall and depth are road-specific only if the cited report says so.,The Times of India,https://timesofindia.indiatimes.com/city/kanpur/waterlogging-jolts-kanpur-municipal-corporation-into-action/articleshow/20822977.cms,REQUIRES_REVIEW,,UNKNOWN,INSUFFICIENT EVIDENCE FOR THRESHOLD,"INSUFFICIENT EVIDENCE FOR THRESHOLD: rainfall and duration are contextual, not a verified road-specific causal pairing.",false,[],Citywide incidents,18,Kanpur,VIP Road,2013-06-28,132.2,Kanpur city report; event-day total,"Thursday night into Friday, through 11:00; full duration UNKNOWN",Citywide waterlogging and road damage reported; exact depth/severity UNKNOWN for most named locations.,Source explicitly names this location. Rainfall and depth are road-specific only if the cited report says so.,NO
HIST-LOC-0019,EVT-88dc54c542b0,Citywide incidents!A19:J19,,,Sharda Nagar,NOT_ASSESSED,Kanpur,,,2013-06-28,,,2013-06-28,132.2,CITY_TOTAL,Kanpur city report; event-day total,false,,UNKNOWN,"Thursday night into Friday, through 11:00; full duration UNKNOWN",,Citywide waterlogging and road damage reported; exact depth/severity UNKNOWN for most named locations.,EVENT_CONTEXT,Source explicitly names this location. Rainfall and depth are road-specific only if the cited report says so.,The Times of India,https://timesofindia.indiatimes.com/city/kanpur/waterlogging-jolts-kanpur-municipal-corporation-into-action/articleshow/20822977.cms,REQUIRES_REVIEW,,UNKNOWN,INSUFFICIENT EVIDENCE FOR THRESHOLD,"INSUFFICIENT EVIDENCE FOR THRESHOLD: rainfall and duration are contextual, not a verified road-specific causal pairing.",false,[],Citywide incidents,19,Kanpur,Sharda Nagar,2013-06-28,132.2,Kanpur city report; event-day total,"Thursday night into Friday, through 11:00; full duration UNKNOWN",Citywide waterlogging and road damage reported; exact depth/severity UNKNOWN for most named locations.,Source explicitly names this location. Rainfall and depth are road-specific only if the cited report says so.,NO
HIST-LOC-0020,EVT-88dc54c542b0,Citywide incidents!A20:J20,,,RTO office,NOT_ASSESSED,Kanpur,,,2013-06-28,,,2013-06-28,132.2,CITY_TOTAL,Kanpur city report; event-day total,false,,UNKNOWN,"Thursday night into Friday, through 11:00; full duration UNKNOWN",,Citywide waterlogging and road damage reported; exact depth/severity UNKNOWN for most named locations.,EVENT_CONTEXT,Source explicitly names this location. Rainfall and depth are road-specific only if the cited report says so.,The Times of India,https://timesofindia.indiatimes.com/city/kanpur/waterlogging-jolts-kanpur-municipal-corporation-into-action/articleshow/20822977.cms,REQUIRES_REVIEW,,UNKNOWN,INSUFFICIENT EVIDENCE FOR THRESHOLD,"INSUFFICIENT EVIDENCE FOR THRESHOLD: rainfall and duration are contextual, not a verified road-specific causal pairing.",false,[],Citywide incidents,20,Kanpur,RTO office,2013-06-28,132.2,Kanpur city report; event-day total,"Thursday night into Friday, through 11:00; full duration UNKNOWN",Citywide waterlogging and road damage reported; exact depth/severity UNKNOWN for most named locations.,Source explicitly names this location. Rainfall and depth are road-specific only if the cited report says so.,NO
HIST-LOC-0021,EVT-88dc54c542b0,Citywide incidents!A21:J21,,,JK Temple,NOT_ASSESSED,Kanpur,,,2013-06-28,,,2013-06-28,132.2,CITY_TOTAL,Kanpur city report; event-day total,false,,UNKNOWN,"Thursday night into Friday, through 11:00; full duration UNKNOWN",,Citywide waterlogging and road damage reported; exact depth/severity UNKNOWN for most named locations.,EVENT_CONTEXT,Source explicitly names this location. Rainfall and depth are road-specific only if the cited report says so.,The Times of India,https://timesofindia.indiatimes.com/city/kanpur/waterlogging-jolts-kanpur-municipal-corporation-into-action/articleshow/20822977.cms,REQUIRES_REVIEW,,UNKNOWN,INSUFFICIENT EVIDENCE FOR THRESHOLD,"INSUFFICIENT EVIDENCE FOR THRESHOLD: rainfall and duration are contextual, not a verified road-specific causal pairing.",false,[],Citywide incidents,21,Kanpur,JK Temple,2013-06-28,132.2,Kanpur city report; event-day total,"Thursday night into Friday, through 11:00; full duration UNKNOWN",Citywide waterlogging and road damage reported; exact depth/severity UNKNOWN for most named locations.,Source explicitly names this location. Rainfall and depth are road-specific only if the cited report says so.,NO
HIST-LOC-0022,EVT-88dc54c542b0,Citywide incidents!A22:J22,,,Mayiyampur Hospital,NOT_ASSESSED,Kanpur,,,2013-06-28,,,2013-06-28,132.2,CITY_TOTAL,Kanpur city report; event-day total,false,,UNKNOWN,"Thursday night into Friday, through 11:00; full duration UNKNOWN",,Citywide waterlogging and road damage reported; exact depth/severity UNKNOWN for most named locations.,EVENT_CONTEXT,Source explicitly names this location. Rainfall and depth are road-specific only if the cited report says so.,The Times of India,https://timesofindia.indiatimes.com/city/kanpur/waterlogging-jolts-kanpur-municipal-corporation-into-action/articleshow/20822977.cms,REQUIRES_REVIEW,,UNKNOWN,INSUFFICIENT EVIDENCE FOR THRESHOLD,"INSUFFICIENT EVIDENCE FOR THRESHOLD: rainfall and duration are contextual, not a verified road-specific causal pairing.",false,[],Citywide incidents,22,Kanpur,Mayiyampur Hospital,2013-06-28,132.2,Kanpur city report; event-day total,"Thursday night into Friday, through 11:00; full duration UNKNOWN",Citywide waterlogging and road damage reported; exact depth/severity UNKNOWN for most named locations.,Source explicitly names this location. Rainfall and depth are road-specific only if the cited report says so.,NO
HIST-LOC-0023,EVT-88dc54c542b0,Citywide incidents!A23:J23,,,Kabari Market,NOT_ASSESSED,Kanpur,,,2013-06-28,,,2013-06-28,132.2,CITY_TOTAL,Kanpur city report; event-day total,false,,UNKNOWN,"Thursday night into Friday, through 11:00; full duration UNKNOWN",,Citywide waterlogging and road damage reported; exact depth/severity UNKNOWN for most named locations.,EVENT_CONTEXT,Source explicitly names this location. Rainfall and depth are road-specific only if the cited report says so.,The Times of India,https://timesofindia.indiatimes.com/city/kanpur/waterlogging-jolts-kanpur-municipal-corporation-into-action/articleshow/20822977.cms,REQUIRES_REVIEW,,UNKNOWN,INSUFFICIENT EVIDENCE FOR THRESHOLD,"INSUFFICIENT EVIDENCE FOR THRESHOLD: rainfall and duration are contextual, not a verified road-specific causal pairing.",false,[],Citywide incidents,23,Kanpur,Kabari Market,2013-06-28,132.2,Kanpur city report; event-day total,"Thursday night into Friday, through 11:00; full duration UNKNOWN",Citywide waterlogging and road damage reported; exact depth/severity UNKNOWN for most named locations.,Source explicitly names this location. Rainfall and depth are road-specific only if the cited report says so.,NO
HIST-LOC-0024,EVT-88dc54c542b0,Citywide incidents!A24:J24,,,Fazalganj–Govind Nagar petrol-pump stretch,NOT_ASSESSED,Kanpur,,,2013-06-28,,,2013-06-28,132.2,CITY_TOTAL,Kanpur city report; event-day total,false,,UNKNOWN,"Thursday night into Friday, through 11:00; full duration UNKNOWN",,Citywide waterlogging and road damage reported; exact depth/severity UNKNOWN for most named locations.,EVENT_CONTEXT,Source explicitly names this location. Rainfall and depth are road-specific only if the cited report says so.,The Times of India,https://timesofindia.indiatimes.com/city/kanpur/waterlogging-jolts-kanpur-municipal-corporation-into-action/articleshow/20822977.cms,REQUIRES_REVIEW,,UNKNOWN,INSUFFICIENT EVIDENCE FOR THRESHOLD,"INSUFFICIENT EVIDENCE FOR THRESHOLD: rainfall and duration are contextual, not a verified road-specific causal pairing.",true,[],Citywide incidents,24,Kanpur,Fazalganj–Govind Nagar petrol-pump stretch,2013-06-28,132.2,Kanpur city report; event-day total,"Thursday night into Friday, through 11:00; full duration UNKNOWN",Citywide waterlogging and road damage reported; exact depth/severity UNKNOWN for most named locations.,Source explicitly names this location. Rainfall and depth are road-specific only if the cited report says so.,YES — Govind Nagar
HIST-LOC-0025,EVT-88dc54c542b0,Citywide incidents!A25:J25,,,DBS College,NOT_ASSESSED,Kanpur,,,2013-06-28,,,2013-06-28,132.2,CITY_TOTAL,Kanpur city report; event-day total,false,,UNKNOWN,"Thursday night into Friday, through 11:00; full duration UNKNOWN",,Citywide waterlogging and road damage reported; exact depth/severity UNKNOWN for most named locations.,EVENT_CONTEXT,Source explicitly names this location. Rainfall and depth are road-specific only if the cited report says so.,The Times of India,https://timesofindia.indiatimes.com/city/kanpur/waterlogging-jolts-kanpur-municipal-corporation-into-action/articleshow/20822977.cms,REQUIRES_REVIEW,,UNKNOWN,INSUFFICIENT EVIDENCE FOR THRESHOLD,"INSUFFICIENT EVIDENCE FOR THRESHOLD: rainfall and duration are contextual, not a verified road-specific causal pairing.",false,[],Citywide incidents,25,Kanpur,DBS College,2013-06-28,132.2,Kanpur city report; event-day total,"Thursday night into Friday, through 11:00; full duration UNKNOWN",Citywide waterlogging and road damage reported; exact depth/severity UNKNOWN for most named locations.,Source explicitly names this location. Rainfall and depth are road-specific only if the cited report says so.,NO
HIST-LOC-0026,EVT-88dc54c542b0,Citywide incidents!A26:J26,,,Deep Talkies,NOT_ASSESSED,Kanpur,,,2013-06-28,,,2013-06-28,132.2,CITY_TOTAL,Kanpur city report; event-day total,false,,UNKNOWN,"Thursday night into Friday, through 11:00; full duration UNKNOWN",,Citywide waterlogging and road damage reported; exact depth/severity UNKNOWN for most named locations.,EVENT_CONTEXT,Source explicitly names this location. Rainfall and depth are road-specific only if the cited report says so.,The Times of India,https://timesofindia.indiatimes.com/city/kanpur/waterlogging-jolts-kanpur-municipal-corporation-into-action/articleshow/20822977.cms,REQUIRES_REVIEW,,UNKNOWN,INSUFFICIENT EVIDENCE FOR THRESHOLD,"INSUFFICIENT EVIDENCE FOR THRESHOLD: rainfall and duration are contextual, not a verified road-specific causal pairing.",false,[],Citywide incidents,26,Kanpur,Deep Talkies,2013-06-28,132.2,Kanpur city report; event-day total,"Thursday night into Friday, through 11:00; full duration UNKNOWN",Citywide waterlogging and road damage reported; exact depth/severity UNKNOWN for most named locations.,Source explicitly names this location. Rainfall and depth are road-specific only if the cited report says so.,NO
HIST-LOC-0027,EVT-d8d844eb7c17,Citywide incidents!A27:J27,,,Juhi Khalwa underpass,NOT_ASSESSED,Kanpur,,,2019-09-27,,,2019-09-27,89.4,WEATHER_STATION,"CSA University city gauge, reported at 15:00",false,,UNKNOWN,Overnight to late morning; exact duration UNKNOWN,,Waterlogging; depths generally UNKNOWN. Juhi Khalwa underpass closed; accumulation outside Ursula Hospital and in central localities.,EVENT_CONTEXT,Source explicitly names this location. Rainfall and depth are road-specific only if the cited report says so.,The Times of India,https://timesofindia.indiatimes.com/city/kanpur/city-receives-heaviest-rainfall-of-season-more-showers-predicted/articleshow/71343589.cms,REQUIRES_REVIEW,,UNKNOWN,INSUFFICIENT EVIDENCE FOR THRESHOLD,"INSUFFICIENT EVIDENCE FOR THRESHOLD: rainfall and duration are contextual, not a verified road-specific causal pairing.",false,[],Citywide incidents,27,Kanpur,Juhi Khalwa underpass,2019-09-27,89.4,"CSA University city gauge, reported at 15:00",Overnight to late morning; exact duration UNKNOWN,Waterlogging; depths generally UNKNOWN. Juhi Khalwa underpass closed; accumulation outside Ursula Hospital and in central localities.,Source explicitly names this location. Rainfall and depth are road-specific only if the cited report says so.,NO
HIST-LOC-0028,EVT-d8d844eb7c17,Citywide incidents!A28:J28,,,"Deep Talkies Road, Saket Nagar",NOT_ASSESSED,Kanpur,,,2019-09-27,,,2019-09-27,89.4,WEATHER_STATION,"CSA University city gauge, reported at 15:00",false,,UNKNOWN,Overnight to late morning; exact duration UNKNOWN,,Waterlogging; depths generally UNKNOWN. Juhi Khalwa underpass closed; accumulation outside Ursula Hospital and in central localities.,EVENT_CONTEXT,Source explicitly names this location. Rainfall and depth are road-specific only if the cited report says so.,The Times of India,https://timesofindia.indiatimes.com/city/kanpur/city-receives-heaviest-rainfall-of-season-more-showers-predicted/articleshow/71343589.cms,REQUIRES_REVIEW,,UNKNOWN,INSUFFICIENT EVIDENCE FOR THRESHOLD,"INSUFFICIENT EVIDENCE FOR THRESHOLD: rainfall and duration are contextual, not a verified road-specific causal pairing.",false,[],Citywide incidents,28,Kanpur,"Deep Talkies Road, Saket Nagar",2019-09-27,89.4,"CSA University city gauge, reported at 15:00",Overnight to late morning; exact duration UNKNOWN,Waterlogging; depths generally UNKNOWN. Juhi Khalwa underpass closed; accumulation outside Ursula Hospital and in central localities.,Source explicitly names this location. Rainfall and depth are road-specific only if the cited report says so.,NO
HIST-LOC-0029,EVT-d8d844eb7c17,Citywide incidents!A29:J29,,,Civil Lines,NOT_ASSESSED,Kanpur,,,2019-09-27,,,2019-09-27,89.4,WEATHER_STATION,"CSA University city gauge, reported at 15:00",false,,UNKNOWN,Overnight to late morning; exact duration UNKNOWN,,Waterlogging; depths generally UNKNOWN. Juhi Khalwa underpass closed; accumulation outside Ursula Hospital and in central localities.,EVENT_CONTEXT,Source explicitly names this location. Rainfall and depth are road-specific only if the cited report says so.,The Times of India,https://timesofindia.indiatimes.com/city/kanpur/city-receives-heaviest-rainfall-of-season-more-showers-predicted/articleshow/71343589.cms,REQUIRES_REVIEW,,UNKNOWN,INSUFFICIENT EVIDENCE FOR THRESHOLD,"INSUFFICIENT EVIDENCE FOR THRESHOLD: rainfall and duration are contextual, not a verified road-specific causal pairing.",false,[],Citywide incidents,29,Kanpur,Civil Lines,2019-09-27,89.4,"CSA University city gauge, reported at 15:00",Overnight to late morning; exact duration UNKNOWN,Waterlogging; depths generally UNKNOWN. Juhi Khalwa underpass closed; accumulation outside Ursula Hospital and in central localities.,Source explicitly names this location. Rainfall and depth are road-specific only if the cited report says so.,NO
HIST-LOC-0030,EVT-d8d844eb7c17,Citywide incidents!A30:J30,,,Arya Nagar,NOT_ASSESSED,Kanpur,,,2019-09-27,,,2019-09-27,89.4,WEATHER_STATION,"CSA University city gauge, reported at 15:00",false,,UNKNOWN,Overnight to late morning; exact duration UNKNOWN,,Waterlogging; depths generally UNKNOWN. Juhi Khalwa underpass closed; accumulation outside Ursula Hospital and in central localities.,EVENT_CONTEXT,Source explicitly names this location. Rainfall and depth are road-specific only if the cited report says so.,The Times of India,https://timesofindia.indiatimes.com/city/kanpur/city-receives-heaviest-rainfall-of-season-more-showers-predicted/articleshow/71343589.cms,REQUIRES_REVIEW,,UNKNOWN,INSUFFICIENT EVIDENCE FOR THRESHOLD,"INSUFFICIENT EVIDENCE FOR THRESHOLD: rainfall and duration are contextual, not a verified road-specific causal pairing.",false,[],Citywide incidents,30,Kanpur,Arya Nagar,2019-09-27,89.4,"CSA University city gauge, reported at 15:00",Overnight to late morning; exact duration UNKNOWN,Waterlogging; depths generally UNKNOWN. Juhi Khalwa underpass closed; accumulation outside Ursula Hospital and in central localities.,Source explicitly names this location. Rainfall and depth are road-specific only if the cited report says so.,NO
HIST-LOC-0031,EVT-d8d844eb7c17,Citywide incidents!A31:J31,,,Swaroop Nagar,NOT_ASSESSED,Kanpur,,,2019-09-27,,,2019-09-27,89.4,WEATHER_STATION,"CSA University city gauge, reported at 15:00",false,,UNKNOWN,Overnight to late morning; exact duration UNKNOWN,,Waterlogging; depths generally UNKNOWN. Juhi Khalwa underpass closed; accumulation outside Ursula Hospital and in central localities.,EVENT_CONTEXT,Source explicitly names this location. Rainfall and depth are road-specific only if the cited report says so.,The Times of India,https://timesofindia.indiatimes.com/city/kanpur/city-receives-heaviest-rainfall-of-season-more-showers-predicted/articleshow/71343589.cms,REQUIRES_REVIEW,,UNKNOWN,INSUFFICIENT EVIDENCE FOR THRESHOLD,"INSUFFICIENT EVIDENCE FOR THRESHOLD: rainfall and duration are contextual, not a verified road-specific causal pairing.",false,[],Citywide incidents,31,Kanpur,Swaroop Nagar,2019-09-27,89.4,"CSA University city gauge, reported at 15:00",Overnight to late morning; exact duration UNKNOWN,Waterlogging; depths generally UNKNOWN. Juhi Khalwa underpass closed; accumulation outside Ursula Hospital and in central localities.,Source explicitly names this location. Rainfall and depth are road-specific only if the cited report says so.,NO
HIST-LOC-0032,EVT-d8d844eb7c17,Citywide incidents!A32:J32,,,Mall Road,NOT_ASSESSED,Kanpur,,,2019-09-27,,,2019-09-27,89.4,WEATHER_STATION,"CSA University city gauge, reported at 15:00",false,,UNKNOWN,Overnight to late morning; exact duration UNKNOWN,,Waterlogging; depths generally UNKNOWN. Juhi Khalwa underpass closed; accumulation outside Ursula Hospital and in central localities.,EVENT_CONTEXT,Source explicitly names this location. Rainfall and depth are road-specific only if the cited report says so.,The Times of India,https://timesofindia.indiatimes.com/city/kanpur/city-receives-heaviest-rainfall-of-season-more-showers-predicted/articleshow/71343589.cms,REQUIRES_REVIEW,,UNKNOWN,INSUFFICIENT EVIDENCE FOR THRESHOLD,"INSUFFICIENT EVIDENCE FOR THRESHOLD: rainfall and duration are contextual, not a verified road-specific causal pairing.",false,[],Citywide incidents,32,Kanpur,Mall Road,2019-09-27,89.4,"CSA University city gauge, reported at 15:00",Overnight to late morning; exact duration UNKNOWN,Waterlogging; depths generally UNKNOWN. Juhi Khalwa underpass closed; accumulation outside Ursula Hospital and in central localities.,Source explicitly names this location. Rainfall and depth are road-specific only if the cited report says so.,NO
HIST-LOC-0033,EVT-d8d844eb7c17,Citywide incidents!A33:J33,,,Narhona Crossing–Mall Road to Chunniganj stretch,NOT_ASSESSED,Kanpur,,,2019-09-27,,,2019-09-27,89.4,WEATHER_STATION,"CSA University city gauge, reported at 15:00",false,,UNKNOWN,Overnight to late morning; exact duration UNKNOWN,,Waterlogging; depths generally UNKNOWN. Juhi Khalwa underpass closed; accumulation outside Ursula Hospital and in central localities.,EVENT_CONTEXT,Source explicitly names this location. Rainfall and depth are road-specific only if the cited report says so.,The Times of India,https://timesofindia.indiatimes.com/city/kanpur/city-receives-heaviest-rainfall-of-season-more-showers-predicted/articleshow/71343589.cms,REQUIRES_REVIEW,,UNKNOWN,INSUFFICIENT EVIDENCE FOR THRESHOLD,"INSUFFICIENT EVIDENCE FOR THRESHOLD: rainfall and duration are contextual, not a verified road-specific causal pairing.",true,[],Citywide incidents,33,Kanpur,Narhona Crossing–Mall Road to Chunniganj stretch,2019-09-27,89.4,"CSA University city gauge, reported at 15:00",Overnight to late morning; exact duration UNKNOWN,Waterlogging; depths generally UNKNOWN. Juhi Khalwa underpass closed; accumulation outside Ursula Hospital and in central localities.,Source explicitly names this location. Rainfall and depth are road-specific only if the cited report says so.,YES — Chunniganj
HIST-LOC-0034,EVT-d8d844eb7c17,Citywide incidents!A34:J34,,,Meston Road,NOT_ASSESSED,Kanpur,,,2019-09-27,,,2019-09-27,89.4,WEATHER_STATION,"CSA University city gauge, reported at 15:00",false,,UNKNOWN,Overnight to late morning; exact duration UNKNOWN,,Waterlogging; depths generally UNKNOWN. Juhi Khalwa underpass closed; accumulation outside Ursula Hospital and in central localities.,EVENT_CONTEXT,Source explicitly names this location. Rainfall and depth are road-specific only if the cited report says so.,The Times of India,https://timesofindia.indiatimes.com/city/kanpur/city-receives-heaviest-rainfall-of-season-more-showers-predicted/articleshow/71343589.cms,REQUIRES_REVIEW,,UNKNOWN,INSUFFICIENT EVIDENCE FOR THRESHOLD,"INSUFFICIENT EVIDENCE FOR THRESHOLD: rainfall and duration are contextual, not a verified road-specific causal pairing.",false,[],Citywide incidents,34,Kanpur,Meston Road,2019-09-27,89.4,"CSA University city gauge, reported at 15:00",Overnight to late morning; exact duration UNKNOWN,Waterlogging; depths generally UNKNOWN. Juhi Khalwa underpass closed; accumulation outside Ursula Hospital and in central localities.,Source explicitly names this location. Rainfall and depth are road-specific only if the cited report says so.,NO
HIST-LOC-0035,EVT-d8d844eb7c17,Citywide incidents!A35:J35,,,Ursula Horseman Hospital,NOT_ASSESSED,Kanpur,,,2019-09-27,,,2019-09-27,89.4,WEATHER_STATION,"CSA University city gauge, reported at 15:00",false,,UNKNOWN,Overnight to late morning; exact duration UNKNOWN,,Waterlogging; depths generally UNKNOWN. Juhi Khalwa underpass closed; accumulation outside Ursula Hospital and in central localities.,EVENT_CONTEXT,Source explicitly names this location. Rainfall and depth are road-specific only if the cited report says so.,The Times of India,https://timesofindia.indiatimes.com/city/kanpur/city-receives-heaviest-rainfall-of-season-more-showers-predicted/articleshow/71343589.cms,REQUIRES_REVIEW,,UNKNOWN,INSUFFICIENT EVIDENCE FOR THRESHOLD,"INSUFFICIENT EVIDENCE FOR THRESHOLD: rainfall and duration are contextual, not a verified road-specific causal pairing.",false,[],Citywide incidents,35,Kanpur,Ursula Horseman Hospital,2019-09-27,89.4,"CSA University city gauge, reported at 15:00",Overnight to late morning; exact duration UNKNOWN,Waterlogging; depths generally UNKNOWN. Juhi Khalwa underpass closed; accumulation outside Ursula Hospital and in central localities.,Source explicitly names this location. Rainfall and depth are road-specific only if the cited report says so.,NO
HIST-LOC-0036,EVT-d8d844eb7c17,Citywide incidents!A36:J36,,,Chunniganj,NOT_ASSESSED,Kanpur,,,2019-09-27,,,2019-09-27,89.4,WEATHER_STATION,"CSA University city gauge, reported at 15:00",false,,UNKNOWN,Overnight to late morning; exact duration UNKNOWN,,Waterlogging; depths generally UNKNOWN. Juhi Khalwa underpass closed; accumulation outside Ursula Hospital and in central localities.,EVENT_CONTEXT,"Direct article check (2026-10-09): confirms water accumulation at Chunniganj during the 2019-09-27 Kanpur event. The 89.4 mm figure is a CSA city gauge measurement, not a Chunniganj road measurement; no continuous duration or road-specific depth is reported.",The Times of India,https://timesofindia.indiatimes.com/city/kanpur/city-receives-heaviest-rainfall-of-season-more-showers-predicted/articleshow/71343589.cms,VERIFIED,,UNKNOWN,INSUFFICIENT EVIDENCE FOR THRESHOLD,"INSUFFICIENT EVIDENCE FOR THRESHOLD: rainfall and duration are contextual, not a verified road-specific causal pairing.",true,[],Citywide incidents,36,Kanpur,Chunniganj,2019-09-27,89.4,"CSA University city gauge, reported at 15:00",Overnight to late morning; exact duration UNKNOWN,Waterlogging; depths generally UNKNOWN. Juhi Khalwa underpass closed; accumulation outside Ursula Hospital and in central localities.,Source explicitly names this location. Rainfall and depth are road-specific only if the cited report says so.,YES — Chunniganj
HIST-LOC-0037,EVT-d8d844eb7c17,Citywide incidents!A37:J37,,,Parade Crossing,NOT_ASSESSED,Kanpur,,,2019-09-27,,,2019-09-27,89.4,WEATHER_STATION,"CSA University city gauge, reported at 15:00",false,,UNKNOWN,Overnight to late morning; exact duration UNKNOWN,,Waterlogging; depths generally UNKNOWN. Juhi Khalwa underpass closed; accumulation outside Ursula Hospital and in central localities.,EVENT_CONTEXT,Source explicitly names this location. Rainfall and depth are road-specific only if the cited report says so.,The Times of India,https://timesofindia.indiatimes.com/city/kanpur/city-receives-heaviest-rainfall-of-season-more-showers-predicted/articleshow/71343589.cms,REQUIRES_REVIEW,,UNKNOWN,INSUFFICIENT EVIDENCE FOR THRESHOLD,"INSUFFICIENT EVIDENCE FOR THRESHOLD: rainfall and duration are contextual, not a verified road-specific causal pairing.",false,[],Citywide incidents,37,Kanpur,Parade Crossing,2019-09-27,89.4,"CSA University city gauge, reported at 15:00",Overnight to late morning; exact duration UNKNOWN,Waterlogging; depths generally UNKNOWN. Juhi Khalwa underpass closed; accumulation outside Ursula Hospital and in central localities.,Source explicitly names this location. Rainfall and depth are road-specific only if the cited report says so.,NO
HIST-LOC-0038,EVT-d8d844eb7c17,Citywide incidents!A38:J38,,,Naveen Market,NOT_ASSESSED,Kanpur,,,2019-09-27,,,2019-09-27,89.4,WEATHER_STATION,"CSA University city gauge, reported at 15:00",false,,UNKNOWN,Overnight to late morning; exact duration UNKNOWN,,Waterlogging; depths generally UNKNOWN. Juhi Khalwa underpass closed; accumulation outside Ursula Hospital and in central localities.,EVENT_CONTEXT,Source explicitly names this location. Rainfall and depth are road-specific only if the cited report says so.,The Times of India,https://timesofindia.indiatimes.com/city/kanpur/city-receives-heaviest-rainfall-of-season-more-showers-predicted/articleshow/71343589.cms,REQUIRES_REVIEW,,UNKNOWN,INSUFFICIENT EVIDENCE FOR THRESHOLD,"INSUFFICIENT EVIDENCE FOR THRESHOLD: rainfall and duration are contextual, not a verified road-specific causal pairing.",false,[],Citywide incidents,38,Kanpur,Naveen Market,2019-09-27,89.4,"CSA University city gauge, reported at 15:00",Overnight to late morning; exact duration UNKNOWN,Waterlogging; depths generally UNKNOWN. Juhi Khalwa underpass closed; accumulation outside Ursula Hospital and in central localities.,Source explicitly names this location. Rainfall and depth are road-specific only if the cited report says so.,NO
HIST-LOC-0039,EVT-d8d844eb7c17,Citywide incidents!A39:J39,,,PPN Market,NOT_ASSESSED,Kanpur,,,2019-09-27,,,2019-09-27,89.4,WEATHER_STATION,"CSA University city gauge, reported at 15:00",false,,UNKNOWN,Overnight to late morning; exact duration UNKNOWN,,Waterlogging; depths generally UNKNOWN. Juhi Khalwa underpass closed; accumulation outside Ursula Hospital and in central localities.,EVENT_CONTEXT,Source explicitly names this location. Rainfall and depth are road-specific only if the cited report says so.,The Times of India,https://timesofindia.indiatimes.com/city/kanpur/city-receives-heaviest-rainfall-of-season-more-showers-predicted/articleshow/71343589.cms,REQUIRES_REVIEW,,UNKNOWN,INSUFFICIENT EVIDENCE FOR THRESHOLD,"INSUFFICIENT EVIDENCE FOR THRESHOLD: rainfall and duration are contextual, not a verified road-specific causal pairing.",false,[],Citywide incidents,39,Kanpur,PPN Market,2019-09-27,89.4,"CSA University city gauge, reported at 15:00",Overnight to late morning; exact duration UNKNOWN,Waterlogging; depths generally UNKNOWN. Juhi Khalwa underpass closed; accumulation outside Ursula Hospital and in central localities.,Source explicitly names this location. Rainfall and depth are road-specific only if the cited report says so.,NO
HIST-LOC-0040,EVT-d8d844eb7c17,Citywide incidents!A40:J40,,,Gwaltoli,NOT_ASSESSED,Kanpur,,,2019-09-27,,,2019-09-27,89.4,WEATHER_STATION,"CSA University city gauge, reported at 15:00",false,,UNKNOWN,Overnight to late morning; exact duration UNKNOWN,,Waterlogging; depths generally UNKNOWN. Juhi Khalwa underpass closed; accumulation outside Ursula Hospital and in central localities.,EVENT_CONTEXT,Source explicitly names this location. Rainfall and depth are road-specific only if the cited report says so.,The Times of India,https://timesofindia.indiatimes.com/city/kanpur/city-receives-heaviest-rainfall-of-season-more-showers-predicted/articleshow/71343589.cms,REQUIRES_REVIEW,,UNKNOWN,INSUFFICIENT EVIDENCE FOR THRESHOLD,"INSUFFICIENT EVIDENCE FOR THRESHOLD: rainfall and duration are contextual, not a verified road-specific causal pairing.",true,[],Citywide incidents,40,Kanpur,Gwaltoli,2019-09-27,89.4,"CSA University city gauge, reported at 15:00",Overnight to late morning; exact duration UNKNOWN,Waterlogging; depths generally UNKNOWN. Juhi Khalwa underpass closed; accumulation outside Ursula Hospital and in central localities.,Source explicitly names this location. Rainfall and depth are road-specific only if the cited report says so.,YES — Gwaltdi (reported as Gwaltoli)
HIST-LOC-0041,EVT-d8d844eb7c17,Citywide incidents!A41:J41,,,Sooterganj,NOT_ASSESSED,Kanpur,,,2019-09-27,,,2019-09-27,89.4,WEATHER_STATION,"CSA University city gauge, reported at 15:00",false,,UNKNOWN,Overnight to late morning; exact duration UNKNOWN,,Waterlogging; depths generally UNKNOWN. Juhi Khalwa underpass closed; accumulation outside Ursula Hospital and in central localities.,EVENT_CONTEXT,Source explicitly names this location. Rainfall and depth are road-specific only if the cited report says so.,The Times of India,https://timesofindia.indiatimes.com/city/kanpur/city-receives-heaviest-rainfall-of-season-more-showers-predicted/articleshow/71343589.cms,REQUIRES_REVIEW,,UNKNOWN,INSUFFICIENT EVIDENCE FOR THRESHOLD,"INSUFFICIENT EVIDENCE FOR THRESHOLD: rainfall and duration are contextual, not a verified road-specific causal pairing.",false,[],Citywide incidents,41,Kanpur,Sooterganj,2019-09-27,89.4,"CSA University city gauge, reported at 15:00",Overnight to late morning; exact duration UNKNOWN,Waterlogging; depths generally UNKNOWN. Juhi Khalwa underpass closed; accumulation outside Ursula Hospital and in central localities.,Source explicitly names this location. Rainfall and depth are road-specific only if the cited report says so.,NO
HIST-LOC-0042,EVT-d8d844eb7c17,Citywide incidents!A42:J42,,,"Marble Market, Kidwai Nagar",NOT_ASSESSED,Kanpur,,,2019-09-27,,,2019-09-27,89.4,WEATHER_STATION,"CSA University city gauge, reported at 15:00",false,,UNKNOWN,Overnight to late morning; exact duration UNKNOWN,,Waterlogging; depths generally UNKNOWN. Juhi Khalwa underpass closed; accumulation outside Ursula Hospital and in central localities.,EVENT_CONTEXT,Source explicitly names this location. Rainfall and depth are road-specific only if the cited report says so.,The Times of India,https://timesofindia.indiatimes.com/city/kanpur/city-receives-heaviest-rainfall-of-season-more-showers-predicted/articleshow/71343589.cms,REQUIRES_REVIEW,,UNKNOWN,INSUFFICIENT EVIDENCE FOR THRESHOLD,"INSUFFICIENT EVIDENCE FOR THRESHOLD: rainfall and duration are contextual, not a verified road-specific causal pairing.",false,[],Citywide incidents,42,Kanpur,"Marble Market, Kidwai Nagar",2019-09-27,89.4,"CSA University city gauge, reported at 15:00",Overnight to late morning; exact duration UNKNOWN,Waterlogging; depths generally UNKNOWN. Juhi Khalwa underpass closed; accumulation outside Ursula Hospital and in central localities.,Source explicitly names this location. Rainfall and depth are road-specific only if the cited report says so.,NO
HIST-LOC-0043,EVT-8b6524d796f1,Citywide incidents!A43:J43,,,P Road,NOT_ASSESSED,Kanpur,,,2022-10-05,,,2022-10-05,55,WEATHER_STATION,CSA University city observatory; daily total,false,,UNKNOWN,UNKNOWN,,Up to 2 ft accumulated at listed localities (area-level report; exact spot depth not separately measured).,EVENT_CONTEXT,Source explicitly names this location. Rainfall and depth are road-specific only if the cited report says so.,The Times of India,https://timesofindia.indiatimes.com/city/kanpur/weather-plays-a-spoilsport-this-dussehra-ravan-effigies-soaked-in-rain-at-many-places/articleshow/94693949.cms,REQUIRES_REVIEW,,UNKNOWN,INSUFFICIENT EVIDENCE FOR THRESHOLD,"INSUFFICIENT EVIDENCE FOR THRESHOLD: rainfall and duration are contextual, not a verified road-specific causal pairing.",true,[],Citywide incidents,43,Kanpur,P Road,2022-10-05,55,CSA University city observatory; daily total,UNKNOWN,Up to 2 ft accumulated at listed localities (area-level report; exact spot depth not separately measured).,Source explicitly names this location. Rainfall and depth are road-specific only if the cited report says so.,YES — P Road
HIST-LOC-0044,EVT-8b6524d796f1,Citywide incidents!A44:J44,,,Naveen Market,NOT_ASSESSED,Kanpur,,,2022-10-05,,,2022-10-05,55,WEATHER_STATION,CSA University city observatory; daily total,false,,UNKNOWN,UNKNOWN,,Up to 2 ft accumulated at listed localities (area-level report; exact spot depth not separately measured).,EVENT_CONTEXT,Source explicitly names this location. Rainfall and depth are road-specific only if the cited report says so.,The Times of India,https://timesofindia.indiatimes.com/city/kanpur/weather-plays-a-spoilsport-this-dussehra-ravan-effigies-soaked-in-rain-at-many-places/articleshow/94693949.cms,REQUIRES_REVIEW,,UNKNOWN,INSUFFICIENT EVIDENCE FOR THRESHOLD,"INSUFFICIENT EVIDENCE FOR THRESHOLD: rainfall and duration are contextual, not a verified road-specific causal pairing.",false,[],Citywide incidents,44,Kanpur,Naveen Market,2022-10-05,55,CSA University city observatory; daily total,UNKNOWN,Up to 2 ft accumulated at listed localities (area-level report; exact spot depth not separately measured).,Source explicitly names this location. Rainfall and depth are road-specific only if the cited report says so.,NO
HIST-LOC-0045,EVT-8b6524d796f1,Citywide incidents!A45:J45,,,Juhi,NOT_ASSESSED,Kanpur,,,2022-10-05,,,2022-10-05,55,WEATHER_STATION,CSA University city observatory; daily total,false,,UNKNOWN,UNKNOWN,,Up to 2 ft accumulated at listed localities (area-level report; exact spot depth not separately measured).,EVENT_CONTEXT,Source explicitly names this location. Rainfall and depth are road-specific only if the cited report says so.,The Times of India,https://timesofindia.indiatimes.com/city/kanpur/weather-plays-a-spoilsport-this-dussehra-ravan-effigies-soaked-in-rain-at-many-places/articleshow/94693949.cms,REQUIRES_REVIEW,,UNKNOWN,INSUFFICIENT EVIDENCE FOR THRESHOLD,"INSUFFICIENT EVIDENCE FOR THRESHOLD: rainfall and duration are contextual, not a verified road-specific causal pairing.",false,[],Citywide incidents,45,Kanpur,Juhi,2022-10-05,55,CSA University city observatory; daily total,UNKNOWN,Up to 2 ft accumulated at listed localities (area-level report; exact spot depth not separately measured).,Source explicitly names this location. Rainfall and depth are road-specific only if the cited report says so.,NO
HIST-LOC-0046,EVT-8b6524d796f1,Citywide incidents!A46:J46,,,VIP Road,NOT_ASSESSED,Kanpur,,,2022-10-05,,,2022-10-05,55,WEATHER_STATION,CSA University city observatory; daily total,false,,UNKNOWN,UNKNOWN,,Up to 2 ft accumulated at listed localities (area-level report; exact spot depth not separately measured).,EVENT_CONTEXT,Source explicitly names this location. Rainfall and depth are road-specific only if the cited report says so.,The Times of India,https://timesofindia.indiatimes.com/city/kanpur/weather-plays-a-spoilsport-this-dussehra-ravan-effigies-soaked-in-rain-at-many-places/articleshow/94693949.cms,REQUIRES_REVIEW,,UNKNOWN,INSUFFICIENT EVIDENCE FOR THRESHOLD,"INSUFFICIENT EVIDENCE FOR THRESHOLD: rainfall and duration are contextual, not a verified road-specific causal pairing.",false,[],Citywide incidents,46,Kanpur,VIP Road,2022-10-05,55,CSA University city observatory; daily total,UNKNOWN,Up to 2 ft accumulated at listed localities (area-level report; exact spot depth not separately measured).,Source explicitly names this location. Rainfall and depth are road-specific only if the cited report says so.,NO
HIST-LOC-0047,EVT-8b6524d796f1,Citywide incidents!A47:J47,,,Gumti No. 5,NOT_ASSESSED,Kanpur,,,2022-10-05,,,2022-10-05,55,WEATHER_STATION,CSA University city observatory; daily total,false,,UNKNOWN,UNKNOWN,,Up to 2 ft accumulated at listed localities (area-level report; exact spot depth not separately measured).,EVENT_CONTEXT,Source explicitly names this location. Rainfall and depth are road-specific only if the cited report says so.,The Times of India,https://timesofindia.indiatimes.com/city/kanpur/weather-plays-a-spoilsport-this-dussehra-ravan-effigies-soaked-in-rain-at-many-places/articleshow/94693949.cms,REQUIRES_REVIEW,,UNKNOWN,INSUFFICIENT EVIDENCE FOR THRESHOLD,"INSUFFICIENT EVIDENCE FOR THRESHOLD: rainfall and duration are contextual, not a verified road-specific causal pairing.",false,[],Citywide incidents,47,Kanpur,Gumti No. 5,2022-10-05,55,CSA University city observatory; daily total,UNKNOWN,Up to 2 ft accumulated at listed localities (area-level report; exact spot depth not separately measured).,Source explicitly names this location. Rainfall and depth are road-specific only if the cited report says so.,NO
HIST-LOC-0048,EVT-8b6524d796f1,Citywide incidents!A48:J48,,,"K Block, Kidwai Nagar",NOT_ASSESSED,Kanpur,,,2022-10-05,,,2022-10-05,55,WEATHER_STATION,CSA University city observatory; daily total,false,,UNKNOWN,UNKNOWN,,Up to 2 ft accumulated at listed localities (area-level report; exact spot depth not separately measured).,EVENT_CONTEXT,Source explicitly names this location. Rainfall and depth are road-specific only if the cited report says so.,The Times of India,https://timesofindia.indiatimes.com/city/kanpur/weather-plays-a-spoilsport-this-dussehra-ravan-effigies-soaked-in-rain-at-many-places/articleshow/94693949.cms,REQUIRES_REVIEW,,UNKNOWN,INSUFFICIENT EVIDENCE FOR THRESHOLD,"INSUFFICIENT EVIDENCE FOR THRESHOLD: rainfall and duration are contextual, not a verified road-specific causal pairing.",false,[],Citywide incidents,48,Kanpur,"K Block, Kidwai Nagar",2022-10-05,55,CSA University city observatory; daily total,UNKNOWN,Up to 2 ft accumulated at listed localities (area-level report; exact spot depth not separately measured).,Source explicitly names this location. Rainfall and depth are road-specific only if the cited report says so.,NO
HIST-LOC-0049,EVT-8b6524d796f1,Citywide incidents!A49:J49,,,Jarib Chowki,NOT_ASSESSED,Kanpur,,,2022-10-05,,,2022-10-05,55,WEATHER_STATION,CSA University city observatory; daily total,false,,UNKNOWN,UNKNOWN,,Up to 2 ft accumulated at listed localities (area-level report; exact spot depth not separately measured).,EVENT_CONTEXT,Source explicitly names this location. Rainfall and depth are road-specific only if the cited report says so.,The Times of India,https://timesofindia.indiatimes.com/city/kanpur/weather-plays-a-spoilsport-this-dussehra-ravan-effigies-soaked-in-rain-at-many-places/articleshow/94693949.cms,REQUIRES_REVIEW,,UNKNOWN,INSUFFICIENT EVIDENCE FOR THRESHOLD,"INSUFFICIENT EVIDENCE FOR THRESHOLD: rainfall and duration are contextual, not a verified road-specific causal pairing.",false,[],Citywide incidents,49,Kanpur,Jarib Chowki,2022-10-05,55,CSA University city observatory; daily total,UNKNOWN,Up to 2 ft accumulated at listed localities (area-level report; exact spot depth not separately measured).,Source explicitly names this location. Rainfall and depth are road-specific only if the cited report says so.,NO
HIST-LOC-0050,EVT-8b6524d796f1,Citywide incidents!A50:J50,,,Saket Nagar,NOT_ASSESSED,Kanpur,,,2022-10-05,,,2022-10-05,55,WEATHER_STATION,CSA University city observatory; daily total,false,,UNKNOWN,UNKNOWN,,Up to 2 ft accumulated at listed localities (area-level report; exact spot depth not separately measured).,EVENT_CONTEXT,Source explicitly names this location. Rainfall and depth are road-specific only if the cited report says so.,The Times of India,https://timesofindia.indiatimes.com/city/kanpur/weather-plays-a-spoilsport-this-dussehra-ravan-effigies-soaked-in-rain-at-many-places/articleshow/94693949.cms,REQUIRES_REVIEW,,UNKNOWN,INSUFFICIENT EVIDENCE FOR THRESHOLD,"INSUFFICIENT EVIDENCE FOR THRESHOLD: rainfall and duration are contextual, not a verified road-specific causal pairing.",false,[],Citywide incidents,50,Kanpur,Saket Nagar,2022-10-05,55,CSA University city observatory; daily total,UNKNOWN,Up to 2 ft accumulated at listed localities (area-level report; exact spot depth not separately measured).,Source explicitly names this location. Rainfall and depth are road-specific only if the cited report says so.,NO
HIST-LOC-0051,EVT-8b6524d796f1,Citywide incidents!A51:J51,,,Govind Nagar,NOT_ASSESSED,Kanpur,,,2022-10-05,,,2022-10-05,55,WEATHER_STATION,CSA University city observatory; daily total,false,,UNKNOWN,UNKNOWN,,Up to 2 ft accumulated at listed localities (area-level report; exact spot depth not separately measured).,EVENT_CONTEXT,Source explicitly names this location. Rainfall and depth are road-specific only if the cited report says so.,The Times of India,https://timesofindia.indiatimes.com/city/kanpur/weather-plays-a-spoilsport-this-dussehra-ravan-effigies-soaked-in-rain-at-many-places/articleshow/94693949.cms,REQUIRES_REVIEW,,UNKNOWN,INSUFFICIENT EVIDENCE FOR THRESHOLD,"INSUFFICIENT EVIDENCE FOR THRESHOLD: rainfall and duration are contextual, not a verified road-specific causal pairing.",true,[],Citywide incidents,51,Kanpur,Govind Nagar,2022-10-05,55,CSA University city observatory; daily total,UNKNOWN,Up to 2 ft accumulated at listed localities (area-level report; exact spot depth not separately measured).,Source explicitly names this location. Rainfall and depth are road-specific only if the cited report says so.,YES — Govind Nagar
HIST-LOC-0052,EVT-8b6524d796f1,Citywide incidents!A52:J52,,,Khalasi Line,NOT_ASSESSED,Kanpur,,,2022-10-05,,,2022-10-05,55,WEATHER_STATION,CSA University city observatory; daily total,false,,UNKNOWN,UNKNOWN,,Up to 2 ft accumulated at listed localities (area-level report; exact spot depth not separately measured).,EVENT_CONTEXT,Source explicitly names this location. Rainfall and depth are road-specific only if the cited report says so.,The Times of India,https://timesofindia.indiatimes.com/city/kanpur/weather-plays-a-spoilsport-this-dussehra-ravan-effigies-soaked-in-rain-at-many-places/articleshow/94693949.cms,REQUIRES_REVIEW,,UNKNOWN,INSUFFICIENT EVIDENCE FOR THRESHOLD,"INSUFFICIENT EVIDENCE FOR THRESHOLD: rainfall and duration are contextual, not a verified road-specific causal pairing.",false,[],Citywide incidents,52,Kanpur,Khalasi Line,2022-10-05,55,CSA University city observatory; daily total,UNKNOWN,Up to 2 ft accumulated at listed localities (area-level report; exact spot depth not separately measured).,Source explicitly names this location. Rainfall and depth are road-specific only if the cited report says so.,NO
HIST-LOC-0053,EVT-8b6524d796f1,Citywide incidents!A53:J53,,,Gwaltoli,NOT_ASSESSED,Kanpur,,,2022-10-05,,,2022-10-05,55,WEATHER_STATION,CSA University city observatory; daily total,false,,UNKNOWN,UNKNOWN,,Up to 2 ft accumulated at listed localities (area-level report; exact spot depth not separately measured).,EVENT_CONTEXT,Source explicitly names this location. Rainfall and depth are road-specific only if the cited report says so.,The Times of India,https://timesofindia.indiatimes.com/city/kanpur/weather-plays-a-spoilsport-this-dussehra-ravan-effigies-soaked-in-rain-at-many-places/articleshow/94693949.cms,REQUIRES_REVIEW,,UNKNOWN,INSUFFICIENT EVIDENCE FOR THRESHOLD,"INSUFFICIENT EVIDENCE FOR THRESHOLD: rainfall and duration are contextual, not a verified road-specific causal pairing.",true,[],Citywide incidents,53,Kanpur,Gwaltoli,2022-10-05,55,CSA University city observatory; daily total,UNKNOWN,Up to 2 ft accumulated at listed localities (area-level report; exact spot depth not separately measured).,Source explicitly names this location. Rainfall and depth are road-specific only if the cited report says so.,YES — Gwaltdi (reported as Gwaltoli)
HIST-LOC-0054,EVT-8b6524d796f1,Citywide incidents!A54:J54,,,Chawla Market,NOT_ASSESSED,Kanpur,,,2022-10-05,,,2022-10-05,55,WEATHER_STATION,CSA University city observatory; daily total,false,,UNKNOWN,UNKNOWN,,Up to 2 ft accumulated at listed localities (area-level report; exact spot depth not separately measured).,EVENT_CONTEXT,Source explicitly names this location. Rainfall and depth are road-specific only if the cited report says so.,The Times of India,https://timesofindia.indiatimes.com/city/kanpur/weather-plays-a-spoilsport-this-dussehra-ravan-effigies-soaked-in-rain-at-many-places/articleshow/94693949.cms,REQUIRES_REVIEW,,UNKNOWN,INSUFFICIENT EVIDENCE FOR THRESHOLD,"INSUFFICIENT EVIDENCE FOR THRESHOLD: rainfall and duration are contextual, not a verified road-specific causal pairing.",false,[],Citywide incidents,54,Kanpur,Chawla Market,2022-10-05,55,CSA University city observatory; daily total,UNKNOWN,Up to 2 ft accumulated at listed localities (area-level report; exact spot depth not separately measured).,Source explicitly names this location. Rainfall and depth are road-specific only if the cited report says so.,NO
HIST-LOC-0055,EVT-8b6524d796f1,Citywide incidents!A55:J55,,,Dabauli,NOT_ASSESSED,Kanpur,,,2022-10-05,,,2022-10-05,55,WEATHER_STATION,CSA University city observatory; daily total,false,,UNKNOWN,UNKNOWN,,Up to 2 ft accumulated at listed localities (area-level report; exact spot depth not separately measured).,EVENT_CONTEXT,Source explicitly names this location. Rainfall and depth are road-specific only if the cited report says so.,The Times of India,https://timesofindia.indiatimes.com/city/kanpur/weather-plays-a-spoilsport-this-dussehra-ravan-effigies-soaked-in-rain-at-many-places/articleshow/94693949.cms,REQUIRES_REVIEW,,UNKNOWN,INSUFFICIENT EVIDENCE FOR THRESHOLD,"INSUFFICIENT EVIDENCE FOR THRESHOLD: rainfall and duration are contextual, not a verified road-specific causal pairing.",false,[],Citywide incidents,55,Kanpur,Dabauli,2022-10-05,55,CSA University city observatory; daily total,UNKNOWN,Up to 2 ft accumulated at listed localities (area-level report; exact spot depth not separately measured).,Source explicitly names this location. Rainfall and depth are road-specific only if the cited report says so.,NO
HIST-LOC-0056,EVT-8b6524d796f1,Citywide incidents!A56:J56,,,Gujjaini,NOT_ASSESSED,Kanpur,,,2022-10-05,,,2022-10-05,55,WEATHER_STATION,CSA University city observatory; daily total,false,,UNKNOWN,UNKNOWN,,Up to 2 ft accumulated at listed localities (area-level report; exact spot depth not separately measured).,EVENT_CONTEXT,Source explicitly names this location. Rainfall and depth are road-specific only if the cited report says so.,The Times of India,https://timesofindia.indiatimes.com/city/kanpur/weather-plays-a-spoilsport-this-dussehra-ravan-effigies-soaked-in-rain-at-many-places/articleshow/94693949.cms,REQUIRES_REVIEW,,UNKNOWN,INSUFFICIENT EVIDENCE FOR THRESHOLD,"INSUFFICIENT EVIDENCE FOR THRESHOLD: rainfall and duration are contextual, not a verified road-specific causal pairing.",false,[],Citywide incidents,56,Kanpur,Gujjaini,2022-10-05,55,CSA University city observatory; daily total,UNKNOWN,Up to 2 ft accumulated at listed localities (area-level report; exact spot depth not separately measured).,Source explicitly names this location. Rainfall and depth are road-specific only if the cited report says so.,NO
HIST-LOC-0057,EVT-8b6524d796f1,Citywide incidents!A57:J57,,,Shastri Nagar,NOT_ASSESSED,Kanpur,,,2022-10-05,,,2022-10-05,55,WEATHER_STATION,CSA University city observatory; daily total,false,,UNKNOWN,UNKNOWN,,Up to 2 ft accumulated at listed localities (area-level report; exact spot depth not separately measured).,EVENT_CONTEXT,Source explicitly names this location. Rainfall and depth are road-specific only if the cited report says so.,The Times of India,https://timesofindia.indiatimes.com/city/kanpur/weather-plays-a-spoilsport-this-dussehra-ravan-effigies-soaked-in-rain-at-many-places/articleshow/94693949.cms,REQUIRES_REVIEW,,UNKNOWN,INSUFFICIENT EVIDENCE FOR THRESHOLD,"INSUFFICIENT EVIDENCE FOR THRESHOLD: rainfall and duration are contextual, not a verified road-specific causal pairing.",false,[],Citywide incidents,57,Kanpur,Shastri Nagar,2022-10-05,55,CSA University city observatory; daily total,UNKNOWN,Up to 2 ft accumulated at listed localities (area-level report; exact spot depth not separately measured).,Source explicitly names this location. Rainfall and depth are road-specific only if the cited report says so.,NO
HIST-LOC-0058,EVT-8b6524d796f1,Citywide incidents!A58:J58,,,Vijay Nagar,NOT_ASSESSED,Kanpur,,,2022-10-05,,,2022-10-05,55,WEATHER_STATION,CSA University city observatory; daily total,false,,UNKNOWN,UNKNOWN,,Up to 2 ft accumulated at listed localities (area-level report; exact spot depth not separately measured).,EVENT_CONTEXT,Source explicitly names this location. Rainfall and depth are road-specific only if the cited report says so.,The Times of India,https://timesofindia.indiatimes.com/city/kanpur/weather-plays-a-spoilsport-this-dussehra-ravan-effigies-soaked-in-rain-at-many-places/articleshow/94693949.cms,REQUIRES_REVIEW,,UNKNOWN,INSUFFICIENT EVIDENCE FOR THRESHOLD,"INSUFFICIENT EVIDENCE FOR THRESHOLD: rainfall and duration are contextual, not a verified road-specific causal pairing.",false,[],Citywide incidents,58,Kanpur,Vijay Nagar,2022-10-05,55,CSA University city observatory; daily total,UNKNOWN,Up to 2 ft accumulated at listed localities (area-level report; exact spot depth not separately measured).,Source explicitly names this location. Rainfall and depth are road-specific only if the cited report says so.,NO
HIST-LOC-0059,EVT-8b6524d796f1,Citywide incidents!A59:J59,,,Ashok Nagar,NOT_ASSESSED,Kanpur,,,2022-10-05,,,2022-10-05,55,WEATHER_STATION,CSA University city observatory; daily total,false,,UNKNOWN,UNKNOWN,,Up to 2 ft accumulated at listed localities (area-level report; exact spot depth not separately measured).,EVENT_CONTEXT,Source explicitly names this location. Rainfall and depth are road-specific only if the cited report says so.,The Times of India,https://timesofindia.indiatimes.com/city/kanpur/weather-plays-a-spoilsport-this-dussehra-ravan-effigies-soaked-in-rain-at-many-places/articleshow/94693949.cms,REQUIRES_REVIEW,,UNKNOWN,INSUFFICIENT EVIDENCE FOR THRESHOLD,"INSUFFICIENT EVIDENCE FOR THRESHOLD: rainfall and duration are contextual, not a verified road-specific causal pairing.",false,[],Citywide incidents,59,Kanpur,Ashok Nagar,2022-10-05,55,CSA University city observatory; daily total,UNKNOWN,Up to 2 ft accumulated at listed localities (area-level report; exact spot depth not separately measured).,Source explicitly names this location. Rainfall and depth are road-specific only if the cited report says so.,NO
HIST-LOC-0060,EVT-8b6524d796f1,Citywide incidents!A60:J60,,,Indira Nagar,NOT_ASSESSED,Kanpur,,,2022-10-05,,,2022-10-05,55,WEATHER_STATION,CSA University city observatory; daily total,false,,UNKNOWN,UNKNOWN,,Up to 2 ft accumulated at listed localities (area-level report; exact spot depth not separately measured).,EVENT_CONTEXT,Source explicitly names this location. Rainfall and depth are road-specific only if the cited report says so.,The Times of India,https://timesofindia.indiatimes.com/city/kanpur/weather-plays-a-spoilsport-this-dussehra-ravan-effigies-soaked-in-rain-at-many-places/articleshow/94693949.cms,REQUIRES_REVIEW,,UNKNOWN,INSUFFICIENT EVIDENCE FOR THRESHOLD,"INSUFFICIENT EVIDENCE FOR THRESHOLD: rainfall and duration are contextual, not a verified road-specific causal pairing.",false,[],Citywide incidents,60,Kanpur,Indira Nagar,2022-10-05,55,CSA University city observatory; daily total,UNKNOWN,Up to 2 ft accumulated at listed localities (area-level report; exact spot depth not separately measured).,Source explicitly names this location. Rainfall and depth are road-specific only if the cited report says so.,NO
HIST-LOC-0061,EVT-8b6524d796f1,Citywide incidents!A61:J61,,,Kalyanpur,NOT_ASSESSED,Kanpur,,,2022-10-05,,,2022-10-05,55,WEATHER_STATION,CSA University city observatory; daily total,false,,UNKNOWN,UNKNOWN,,Up to 2 ft accumulated at listed localities (area-level report; exact spot depth not separately measured).,EVENT_CONTEXT,Source explicitly names this location. Rainfall and depth are road-specific only if the cited report says so.,The Times of India,https://timesofindia.indiatimes.com/city/kanpur/weather-plays-a-spoilsport-this-dussehra-ravan-effigies-soaked-in-rain-at-many-places/articleshow/94693949.cms,REQUIRES_REVIEW,,UNKNOWN,INSUFFICIENT EVIDENCE FOR THRESHOLD,"INSUFFICIENT EVIDENCE FOR THRESHOLD: rainfall and duration are contextual, not a verified road-specific causal pairing.",false,[],Citywide incidents,61,Kanpur,Kalyanpur,2022-10-05,55,CSA University city observatory; daily total,UNKNOWN,Up to 2 ft accumulated at listed localities (area-level report; exact spot depth not separately measured).,Source explicitly names this location. Rainfall and depth are road-specific only if the cited report says so.,NO
HIST-LOC-0062,EVT-8b6524d796f1,Citywide incidents!A62:J62,,,Dayanand Vihar,NOT_ASSESSED,Kanpur,,,2022-10-05,,,2022-10-05,55,WEATHER_STATION,CSA University city observatory; daily total,false,,UNKNOWN,UNKNOWN,,Up to 2 ft accumulated at listed localities (area-level report; exact spot depth not separately measured).,EVENT_CONTEXT,Source explicitly names this location. Rainfall and depth are road-specific only if the cited report says so.,The Times of India,https://timesofindia.indiatimes.com/city/kanpur/weather-plays-a-spoilsport-this-dussehra-ravan-effigies-soaked-in-rain-at-many-places/articleshow/94693949.cms,REQUIRES_REVIEW,,UNKNOWN,INSUFFICIENT EVIDENCE FOR THRESHOLD,"INSUFFICIENT EVIDENCE FOR THRESHOLD: rainfall and duration are contextual, not a verified road-specific causal pairing.",false,[],Citywide incidents,62,Kanpur,Dayanand Vihar,2022-10-05,55,CSA University city observatory; daily total,UNKNOWN,Up to 2 ft accumulated at listed localities (area-level report; exact spot depth not separately measured).,Source explicitly names this location. Rainfall and depth are road-specific only if the cited report says so.,NO
HIST-LOC-0063,EVT-8b6524d796f1,Citywide incidents!A63:J63,,,PPN Market,NOT_ASSESSED,Kanpur,,,2022-10-05,,,2022-10-05,55,WEATHER_STATION,CSA University city observatory; daily total,false,,UNKNOWN,UNKNOWN,,Up to 2 ft accumulated at listed localities (area-level report; exact spot depth not separately measured).,EVENT_CONTEXT,Source explicitly names this location. Rainfall and depth are road-specific only if the cited report says so.,The Times of India,https://timesofindia.indiatimes.com/city/kanpur/weather-plays-a-spoilsport-this-dussehra-ravan-effigies-soaked-in-rain-at-many-places/articleshow/94693949.cms,REQUIRES_REVIEW,,UNKNOWN,INSUFFICIENT EVIDENCE FOR THRESHOLD,"INSUFFICIENT EVIDENCE FOR THRESHOLD: rainfall and duration are contextual, not a verified road-specific causal pairing.",false,[],Citywide incidents,63,Kanpur,PPN Market,2022-10-05,55,CSA University city observatory; daily total,UNKNOWN,Up to 2 ft accumulated at listed localities (area-level report; exact spot depth not separately measured).,Source explicitly names this location. Rainfall and depth are road-specific only if the cited report says so.,NO
HIST-LOC-0064,EVT-8b6524d796f1,Citywide incidents!A64:J64,,,Lal Bangla,NOT_ASSESSED,Kanpur,,,2022-10-05,,,2022-10-05,55,WEATHER_STATION,CSA University city observatory; daily total,false,,UNKNOWN,UNKNOWN,,Up to 2 ft accumulated at listed localities (area-level report; exact spot depth not separately measured).,EVENT_CONTEXT,Source explicitly names this location. Rainfall and depth are road-specific only if the cited report says so.,The Times of India,https://timesofindia.indiatimes.com/city/kanpur/weather-plays-a-spoilsport-this-dussehra-ravan-effigies-soaked-in-rain-at-many-places/articleshow/94693949.cms,REQUIRES_REVIEW,,UNKNOWN,INSUFFICIENT EVIDENCE FOR THRESHOLD,"INSUFFICIENT EVIDENCE FOR THRESHOLD: rainfall and duration are contextual, not a verified road-specific causal pairing.",false,[],Citywide incidents,64,Kanpur,Lal Bangla,2022-10-05,55,CSA University city observatory; daily total,UNKNOWN,Up to 2 ft accumulated at listed localities (area-level report; exact spot depth not separately measured).,Source explicitly names this location. Rainfall and depth are road-specific only if the cited report says so.,NO
HIST-LOC-0065,EVT-8b6524d796f1,Citywide incidents!A65:J65,,,Kaushalpuri,NOT_ASSESSED,Kanpur,,,2022-10-05,,,2022-10-05,55,WEATHER_STATION,CSA University city observatory; daily total,false,,UNKNOWN,UNKNOWN,,Up to 2 ft accumulated at listed localities (area-level report; exact spot depth not separately measured).,EVENT_CONTEXT,Source explicitly names this location. Rainfall and depth are road-specific only if the cited report says so.,The Times of India,https://timesofindia.indiatimes.com/city/kanpur/weather-plays-a-spoilsport-this-dussehra-ravan-effigies-soaked-in-rain-at-many-places/articleshow/94693949.cms,REQUIRES_REVIEW,,UNKNOWN,INSUFFICIENT EVIDENCE FOR THRESHOLD,"INSUFFICIENT EVIDENCE FOR THRESHOLD: rainfall and duration are contextual, not a verified road-specific causal pairing.",false,[],Citywide incidents,65,Kanpur,Kaushalpuri,2022-10-05,55,CSA University city observatory; daily total,UNKNOWN,Up to 2 ft accumulated at listed localities (area-level report; exact spot depth not separately measured).,Source explicitly names this location. Rainfall and depth are road-specific only if the cited report says so.,NO
HIST-LOC-0066,EVT-8b6524d796f1,Citywide incidents!A66:J66,,,Birhana Road,NOT_ASSESSED,Kanpur,,,2022-10-05,,,2022-10-05,55,WEATHER_STATION,CSA University city observatory; daily total,false,,UNKNOWN,UNKNOWN,,Up to 2 ft accumulated at listed localities (area-level report; exact spot depth not separately measured).,EVENT_CONTEXT,Source explicitly names this location. Rainfall and depth are road-specific only if the cited report says so.,The Times of India,https://timesofindia.indiatimes.com/city/kanpur/weather-plays-a-spoilsport-this-dussehra-ravan-effigies-soaked-in-rain-at-many-places/articleshow/94693949.cms,REQUIRES_REVIEW,,UNKNOWN,INSUFFICIENT EVIDENCE FOR THRESHOLD,"INSUFFICIENT EVIDENCE FOR THRESHOLD: rainfall and duration are contextual, not a verified road-specific causal pairing.",false,[],Citywide incidents,66,Kanpur,Birhana Road,2022-10-05,55,CSA University city observatory; daily total,UNKNOWN,Up to 2 ft accumulated at listed localities (area-level report; exact spot depth not separately measured).,Source explicitly names this location. Rainfall and depth are road-specific only if the cited report says so.,NO
HIST-LOC-0067,EVT-8b6524d796f1,Citywide incidents!A67:J67,,,Juhi underbridge,NOT_ASSESSED,Kanpur,,,2022-10-05,,,2022-10-05,55,WEATHER_STATION,CSA University city observatory; daily total,false,,UNKNOWN,UNKNOWN,,Up to 2 ft accumulated at listed localities (area-level report; exact spot depth not separately measured).,EVENT_CONTEXT,Source explicitly names this location. Rainfall and depth are road-specific only if the cited report says so.,The Times of India,https://timesofindia.indiatimes.com/city/kanpur/weather-plays-a-spoilsport-this-dussehra-ravan-effigies-soaked-in-rain-at-many-places/articleshow/94693949.cms,REQUIRES_REVIEW,,UNKNOWN,INSUFFICIENT EVIDENCE FOR THRESHOLD,"INSUFFICIENT EVIDENCE FOR THRESHOLD: rainfall and duration are contextual, not a verified road-specific causal pairing.",false,[],Citywide incidents,67,Kanpur,Juhi underbridge,2022-10-05,55,CSA University city observatory; daily total,UNKNOWN,Up to 2 ft accumulated at listed localities (area-level report; exact spot depth not separately measured).,Source explicitly names this location. Rainfall and depth are road-specific only if the cited report says so.,NO
HIST-LOC-0068,EVT-ae8f9928f00d,Citywide incidents!A68:J68,,,Shastri Chowk,NOT_ASSESSED,Kanpur,,,2025-07-12,,,2025-07-12,35,CITY_TOTAL,City total over preceding 24 hours,false,,UNKNOWN,"Intermittent Friday evening, heavy early Saturday until 10:00; actual rain duration UNKNOWN",,Waterlogging named; depths UNKNOWN.,EVENT_CONTEXT,Source explicitly names this location. Rainfall and depth are road-specific only if the cited report says so.,The Times of India,https://timesofindia.indiatimes.com/city/kanpur/kanpur-roads-flooded-after-heavy-downpour/articleshow/122409642.cms,REQUIRES_REVIEW,,UNKNOWN,INSUFFICIENT EVIDENCE FOR THRESHOLD,"INSUFFICIENT EVIDENCE FOR THRESHOLD: rainfall and duration are contextual, not a verified road-specific causal pairing.",false,[],Citywide incidents,68,Kanpur,Shastri Chowk,2025-07-12,35,City total over preceding 24 hours,"Intermittent Friday evening, heavy early Saturday until 10:00; actual rain duration UNKNOWN",Waterlogging named; depths UNKNOWN.,Source explicitly names this location. Rainfall and depth are road-specific only if the cited report says so.,NO
HIST-LOC-0069,EVT-ae8f9928f00d,Citywide incidents!A69:J69,,,Saket Nagar,NOT_ASSESSED,Kanpur,,,2025-07-12,,,2025-07-12,35,CITY_TOTAL,City total over preceding 24 hours,false,,UNKNOWN,"Intermittent Friday evening, heavy early Saturday until 10:00; actual rain duration UNKNOWN",,Waterlogging named; depths UNKNOWN.,EVENT_CONTEXT,Source explicitly names this location. Rainfall and depth are road-specific only if the cited report says so.,The Times of India,https://timesofindia.indiatimes.com/city/kanpur/kanpur-roads-flooded-after-heavy-downpour/articleshow/122409642.cms,REQUIRES_REVIEW,,UNKNOWN,INSUFFICIENT EVIDENCE FOR THRESHOLD,"INSUFFICIENT EVIDENCE FOR THRESHOLD: rainfall and duration are contextual, not a verified road-specific causal pairing.",false,[],Citywide incidents,69,Kanpur,Saket Nagar,2025-07-12,35,City total over preceding 24 hours,"Intermittent Friday evening, heavy early Saturday until 10:00; actual rain duration UNKNOWN",Waterlogging named; depths UNKNOWN.,Source explicitly names this location. Rainfall and depth are road-specific only if the cited report says so.,NO
HIST-LOC-0070,EVT-ae8f9928f00d,Citywide incidents!A70:J70,,,Govind Nagar,NOT_ASSESSED,Kanpur,,,2025-07-12,,,2025-07-12,35,CITY_TOTAL,City total over preceding 24 hours,false,,UNKNOWN,"Intermittent Friday evening, heavy early Saturday until 10:00; actual rain duration UNKNOWN",,Waterlogging named; depths UNKNOWN.,EVENT_CONTEXT,Direct article check (2026-10-09): confirms Govind Nagar was among Kanpur areas affected by waterlogging on 2025-07-12. The 35 mm figure is for the city over 24 hours; no road-specific rainfall or duration is reported.,The Times of India,https://timesofindia.indiatimes.com/city/kanpur/kanpur-roads-flooded-after-heavy-downpour/articleshow/122409642.cms,VERIFIED,,UNKNOWN,INSUFFICIENT EVIDENCE FOR THRESHOLD,"INSUFFICIENT EVIDENCE FOR THRESHOLD: rainfall and duration are contextual, not a verified road-specific causal pairing.",true,[],Citywide incidents,70,Kanpur,Govind Nagar,2025-07-12,35,City total over preceding 24 hours,"Intermittent Friday evening, heavy early Saturday until 10:00; actual rain duration UNKNOWN",Waterlogging named; depths UNKNOWN.,Source explicitly names this location. Rainfall and depth are road-specific only if the cited report says so.,YES — Govind Nagar
HIST-LOC-0071,EVT-ae8f9928f00d,Citywide incidents!A71:J71,,,Vijay Nagar,NOT_ASSESSED,Kanpur,,,2025-07-12,,,2025-07-12,35,CITY_TOTAL,City total over preceding 24 hours,false,,UNKNOWN,"Intermittent Friday evening, heavy early Saturday until 10:00; actual rain duration UNKNOWN",,Waterlogging named; depths UNKNOWN.,EVENT_CONTEXT,Source explicitly names this location. Rainfall and depth are road-specific only if the cited report says so.,The Times of India,https://timesofindia.indiatimes.com/city/kanpur/kanpur-roads-flooded-after-heavy-downpour/articleshow/122409642.cms,REQUIRES_REVIEW,,UNKNOWN,INSUFFICIENT EVIDENCE FOR THRESHOLD,"INSUFFICIENT EVIDENCE FOR THRESHOLD: rainfall and duration are contextual, not a verified road-specific causal pairing.",false,[],Citywide incidents,71,Kanpur,Vijay Nagar,2025-07-12,35,City total over preceding 24 hours,"Intermittent Friday evening, heavy early Saturday until 10:00; actual rain duration UNKNOWN",Waterlogging named; depths UNKNOWN.,Source explicitly names this location. Rainfall and depth are road-specific only if the cited report says so.,NO
HIST-LOC-0072,EVT-ae8f9928f00d,Citywide incidents!A72:J72,,,Shastri Nagar,NOT_ASSESSED,Kanpur,,,2025-07-12,,,2025-07-12,35,CITY_TOTAL,City total over preceding 24 hours,false,,UNKNOWN,"Intermittent Friday evening, heavy early Saturday until 10:00; actual rain duration UNKNOWN",,Waterlogging named; depths UNKNOWN.,EVENT_CONTEXT,Source explicitly names this location. Rainfall and depth are road-specific only if the cited report says so.,The Times of India,https://timesofindia.indiatimes.com/city/kanpur/kanpur-roads-flooded-after-heavy-downpour/articleshow/122409642.cms,REQUIRES_REVIEW,,UNKNOWN,INSUFFICIENT EVIDENCE FOR THRESHOLD,"INSUFFICIENT EVIDENCE FOR THRESHOLD: rainfall and duration are contextual, not a verified road-specific causal pairing.",false,[],Citywide incidents,72,Kanpur,Shastri Nagar,2025-07-12,35,City total over preceding 24 hours,"Intermittent Friday evening, heavy early Saturday until 10:00; actual rain duration UNKNOWN",Waterlogging named; depths UNKNOWN.,Source explicitly names this location. Rainfall and depth are road-specific only if the cited report says so.,NO
HIST-LOC-0073,EVT-ae8f9928f00d,Citywide incidents!A73:J73,,,P Road,NOT_ASSESSED,Kanpur,,,2025-07-12,,,2025-07-12,35,CITY_TOTAL,City total over preceding 24 hours,false,,UNKNOWN,"Intermittent Friday evening, heavy early Saturday until 10:00; actual rain duration UNKNOWN",,Waterlogging named; depths UNKNOWN.,EVENT_CONTEXT,Direct article check (2026-10-09): confirms P Road was among Kanpur areas affected by waterlogging on 2025-07-12. The 35 mm figure is for the city over 24 hours; no road-specific rainfall or duration is reported.,The Times of India,https://timesofindia.indiatimes.com/city/kanpur/kanpur-roads-flooded-after-heavy-downpour/articleshow/122409642.cms,VERIFIED,,UNKNOWN,INSUFFICIENT EVIDENCE FOR THRESHOLD,"INSUFFICIENT EVIDENCE FOR THRESHOLD: rainfall and duration are contextual, not a verified road-specific causal pairing.",true,[],Citywide incidents,73,Kanpur,P Road,2025-07-12,35,City total over preceding 24 hours,"Intermittent Friday evening, heavy early Saturday until 10:00; actual rain duration UNKNOWN",Waterlogging named; depths UNKNOWN.,Source explicitly names this location. Rainfall and depth are road-specific only if the cited report says so.,YES — P Road
HIST-LOC-0074,EVT-ae8f9928f00d,Citywide incidents!A74:J74,,,Kidwai Nagar,NOT_ASSESSED,Kanpur,,,2025-07-12,,,2025-07-12,35,CITY_TOTAL,City total over preceding 24 hours,false,,UNKNOWN,"Intermittent Friday evening, heavy early Saturday until 10:00; actual rain duration UNKNOWN",,Waterlogging named; depths UNKNOWN.,EVENT_CONTEXT,Source explicitly names this location. Rainfall and depth are road-specific only if the cited report says so.,The Times of India,https://timesofindia.indiatimes.com/city/kanpur/kanpur-roads-flooded-after-heavy-downpour/articleshow/122409642.cms,REQUIRES_REVIEW,,UNKNOWN,INSUFFICIENT EVIDENCE FOR THRESHOLD,"INSUFFICIENT EVIDENCE FOR THRESHOLD: rainfall and duration are contextual, not a verified road-specific causal pairing.",false,[],Citywide incidents,74,Kanpur,Kidwai Nagar,2025-07-12,35,City total over preceding 24 hours,"Intermittent Friday evening, heavy early Saturday until 10:00; actual rain duration UNKNOWN",Waterlogging named; depths UNKNOWN.,Source explicitly names this location. Rainfall and depth are road-specific only if the cited report says so.,NO
HIST-LOC-0075,EVT-ae8f9928f00d,Citywide incidents!A75:J75,,,VIP Road,NOT_ASSESSED,Kanpur,,,2025-07-12,,,2025-07-12,35,CITY_TOTAL,City total over preceding 24 hours,false,,UNKNOWN,"Intermittent Friday evening, heavy early Saturday until 10:00; actual rain duration UNKNOWN",,Waterlogging named; depths UNKNOWN.,EVENT_CONTEXT,Source explicitly names this location. Rainfall and depth are road-specific only if the cited report says so.,The Times of India,https://timesofindia.indiatimes.com/city/kanpur/kanpur-roads-flooded-after-heavy-downpour/articleshow/122409642.cms,REQUIRES_REVIEW,,UNKNOWN,INSUFFICIENT EVIDENCE FOR THRESHOLD,"INSUFFICIENT EVIDENCE FOR THRESHOLD: rainfall and duration are contextual, not a verified road-specific causal pairing.",false,[],Citywide incidents,75,Kanpur,VIP Road,2025-07-12,35,City total over preceding 24 hours,"Intermittent Friday evening, heavy early Saturday until 10:00; actual rain duration UNKNOWN",Waterlogging named; depths UNKNOWN.,Source explicitly names this location. Rainfall and depth are road-specific only if the cited report says so.,NO
HIST-LOC-0076,EVT-ae8f9928f00d,Citywide incidents!A76:J76,,,Khalasi Line,NOT_ASSESSED,Kanpur,,,2025-07-12,,,2025-07-12,35,CITY_TOTAL,City total over preceding 24 hours,false,,UNKNOWN,"Intermittent Friday evening, heavy early Saturday until 10:00; actual rain duration UNKNOWN",,Waterlogging named; depths UNKNOWN.,EVENT_CONTEXT,Source explicitly names this location. Rainfall and depth are road-specific only if the cited report says so.,The Times of India,https://timesofindia.indiatimes.com/city/kanpur/kanpur-roads-flooded-after-heavy-downpour/articleshow/122409642.cms,REQUIRES_REVIEW,,UNKNOWN,INSUFFICIENT EVIDENCE FOR THRESHOLD,"INSUFFICIENT EVIDENCE FOR THRESHOLD: rainfall and duration are contextual, not a verified road-specific causal pairing.",false,[],Citywide incidents,76,Kanpur,Khalasi Line,2025-07-12,35,City total over preceding 24 hours,"Intermittent Friday evening, heavy early Saturday until 10:00; actual rain duration UNKNOWN",Waterlogging named; depths UNKNOWN.,Source explicitly names this location. Rainfall and depth are road-specific only if the cited report says so.,NO
HIST-LOC-0077,EVT-ae8f9928f00d,Citywide incidents!A77:J77,,,Gwaltoli,NOT_ASSESSED,Kanpur,,,2025-07-12,,,2025-07-12,35,CITY_TOTAL,City total over preceding 24 hours,false,,UNKNOWN,"Intermittent Friday evening, heavy early Saturday until 10:00; actual rain duration UNKNOWN",,Waterlogging named; depths UNKNOWN.,EVENT_CONTEXT,Direct article check (2026-10-09): confirms Gwaltoli was among Kanpur areas affected by waterlogging on 2025-07-12. The 35 mm figure is for the city over 24 hours; no road-specific rainfall or duration is reported.,The Times of India,https://timesofindia.indiatimes.com/city/kanpur/kanpur-roads-flooded-after-heavy-downpour/articleshow/122409642.cms,VERIFIED,,UNKNOWN,INSUFFICIENT EVIDENCE FOR THRESHOLD,"INSUFFICIENT EVIDENCE FOR THRESHOLD: rainfall and duration are contextual, not a verified road-specific causal pairing.",true,[],Citywide incidents,77,Kanpur,Gwaltoli,2025-07-12,35,City total over preceding 24 hours,"Intermittent Friday evening, heavy early Saturday until 10:00; actual rain duration UNKNOWN",Waterlogging named; depths UNKNOWN.,Source explicitly names this location. Rainfall and depth are road-specific only if the cited report says so.,YES — Gwaltdi (reported as Gwaltoli)
HIST-LOC-0078,EVT-ae8f9928f00d,Citywide incidents!A78:J78,,,Koyala Nagar,NOT_ASSESSED,Kanpur,,,2025-07-12,,,2025-07-12,35,CITY_TOTAL,City total over preceding 24 hours,false,,UNKNOWN,"Intermittent Friday evening, heavy early Saturday until 10:00; actual rain duration UNKNOWN",,Waterlogging named; depths UNKNOWN.,EVENT_CONTEXT,Source explicitly names this location. Rainfall and depth are road-specific only if the cited report says so.,The Times of India,https://timesofindia.indiatimes.com/city/kanpur/kanpur-roads-flooded-after-heavy-downpour/articleshow/122409642.cms,REQUIRES_REVIEW,,UNKNOWN,INSUFFICIENT EVIDENCE FOR THRESHOLD,"INSUFFICIENT EVIDENCE FOR THRESHOLD: rainfall and duration are contextual, not a verified road-specific causal pairing.",false,[],Citywide incidents,78,Kanpur,Koyala Nagar,2025-07-12,35,City total over preceding 24 hours,"Intermittent Friday evening, heavy early Saturday until 10:00; actual rain duration UNKNOWN",Waterlogging named; depths UNKNOWN.,Source explicitly names this location. Rainfall and depth are road-specific only if the cited report says so.,NO
HIST-LOC-0079,EVT-ae8f9928f00d,Citywide incidents!A79:J79,,,Yashoda Nagar,NOT_ASSESSED,Kanpur,,,2025-07-12,,,2025-07-12,35,CITY_TOTAL,City total over preceding 24 hours,false,,UNKNOWN,"Intermittent Friday evening, heavy early Saturday until 10:00; actual rain duration UNKNOWN",,Waterlogging named; depths UNKNOWN.,EVENT_CONTEXT,Source explicitly names this location. Rainfall and depth are road-specific only if the cited report says so.,The Times of India,https://timesofindia.indiatimes.com/city/kanpur/kanpur-roads-flooded-after-heavy-downpour/articleshow/122409642.cms,REQUIRES_REVIEW,,UNKNOWN,INSUFFICIENT EVIDENCE FOR THRESHOLD,"INSUFFICIENT EVIDENCE FOR THRESHOLD: rainfall and duration are contextual, not a verified road-specific causal pairing.",false,[],Citywide incidents,79,Kanpur,Yashoda Nagar,2025-07-12,35,City total over preceding 24 hours,"Intermittent Friday evening, heavy early Saturday until 10:00; actual rain duration UNKNOWN",Waterlogging named; depths UNKNOWN.,Source explicitly names this location. Rainfall and depth are road-specific only if the cited report says so.,NO
HIST-LOC-0080,EVT-ae8f9928f00d,Citywide incidents!A80:J80,,,Juhi railway underpass,NOT_ASSESSED,Kanpur,,,2025-07-12,,,2025-07-12,35,CITY_TOTAL,City total over preceding 24 hours,false,,UNKNOWN,"Intermittent Friday evening, heavy early Saturday until 10:00; actual rain duration UNKNOWN",,Waterlogging named; depths UNKNOWN.,EVENT_CONTEXT,Source explicitly names this location. Rainfall and depth are road-specific only if the cited report says so.,The Times of India,https://timesofindia.indiatimes.com/city/kanpur/kanpur-roads-flooded-after-heavy-downpour/articleshow/122409642.cms,REQUIRES_REVIEW,,UNKNOWN,INSUFFICIENT EVIDENCE FOR THRESHOLD,"INSUFFICIENT EVIDENCE FOR THRESHOLD: rainfall and duration are contextual, not a verified road-specific causal pairing.",false,[],Citywide incidents,80,Kanpur,Juhi railway underpass,2025-07-12,35,City total over preceding 24 hours,"Intermittent Friday evening, heavy early Saturday until 10:00; actual rain duration UNKNOWN",Waterlogging named; depths UNKNOWN.,Source explicitly names this location. Rainfall and depth are road-specific only if the cited report says so.,NO
HIST-LOC-0081,EVT-9bac447ab3bf,Citywide incidents!A81:J81,,,Govind Nagar / Chawla Market crossing,NOT_ASSESSED,Kanpur,,,2026-08-26,,,2026-08-26,84,CITY_TOTAL,"City total, midnight to Wednesday morning",false,,UNKNOWN,Report window midnight–morning; exact continuous duration UNKNOWN,,2–4 ft in named city areas; 2–3 ft at Chawla Market/Govind Nagar and 1–2 ft at Nandlal-to-Saket; P Road shops inundated; some depths are area-level.,EVENT_CONTEXT,Source explicitly names this location. Rainfall and depth are road-specific only if the cited report says so.,The Times of India,https://timesofindia.indiatimes.com/city/kanpur/several-parts-of-city-came-to-standstill-due-to-heavy-rainfall-turning-residential-areas-into-pools/articleshow/133548000.cms,REQUIRES_REVIEW,,UNKNOWN,INSUFFICIENT EVIDENCE FOR THRESHOLD,"INSUFFICIENT EVIDENCE FOR THRESHOLD: rainfall and duration are contextual, not a verified road-specific causal pairing.",true,[],Citywide incidents,81,Kanpur,Govind Nagar / Chawla Market crossing,2026-08-26,84,"City total, midnight to Wednesday morning",Report window midnight–morning; exact continuous duration UNKNOWN,2–4 ft in named city areas; 2–3 ft at Chawla Market/Govind Nagar and 1–2 ft at Nandlal-to-Saket; P Road shops inundated; some depths are area-level.,Source explicitly names this location. Rainfall and depth are road-specific only if the cited report says so.,YES — Govind Nagar
HIST-LOC-0082,EVT-9bac447ab3bf,Citywide incidents!A82:J82,,,Saket Nagar / Nandlal crossing,NOT_ASSESSED,Kanpur,,,2026-08-26,,,2026-08-26,84,CITY_TOTAL,"City total, midnight to Wednesday morning",false,,UNKNOWN,Report window midnight–morning; exact continuous duration UNKNOWN,,2–4 ft in named city areas; 2–3 ft at Chawla Market/Govind Nagar and 1–2 ft at Nandlal-to-Saket; P Road shops inundated; some depths are area-level.,EVENT_CONTEXT,Source explicitly names this location. Rainfall and depth are road-specific only if the cited report says so.,The Times of India,https://timesofindia.indiatimes.com/city/kanpur/several-parts-of-city-came-to-standstill-due-to-heavy-rainfall-turning-residential-areas-into-pools/articleshow/133548000.cms,REQUIRES_REVIEW,,UNKNOWN,INSUFFICIENT EVIDENCE FOR THRESHOLD,"INSUFFICIENT EVIDENCE FOR THRESHOLD: rainfall and duration are contextual, not a verified road-specific causal pairing.",false,[],Citywide incidents,82,Kanpur,Saket Nagar / Nandlal crossing,2026-08-26,84,"City total, midnight to Wednesday morning",Report window midnight–morning; exact continuous duration UNKNOWN,2–4 ft in named city areas; 2–3 ft at Chawla Market/Govind Nagar and 1–2 ft at Nandlal-to-Saket; P Road shops inundated; some depths are area-level.,Source explicitly names this location. Rainfall and depth are road-specific only if the cited report says so.,NO
HIST-LOC-0083,EVT-9bac447ab3bf,Citywide incidents!A83:J83,,,Barra,NOT_ASSESSED,Kanpur,,,2026-08-26,,,2026-08-26,84,CITY_TOTAL,"City total, midnight to Wednesday morning",false,,UNKNOWN,Report window midnight–morning; exact continuous duration UNKNOWN,,2–4 ft in named city areas; 2–3 ft at Chawla Market/Govind Nagar and 1–2 ft at Nandlal-to-Saket; P Road shops inundated; some depths are area-level.,EVENT_CONTEXT,Source explicitly names this location. Rainfall and depth are road-specific only if the cited report says so.,The Times of India,https://timesofindia.indiatimes.com/city/kanpur/several-parts-of-city-came-to-standstill-due-to-heavy-rainfall-turning-residential-areas-into-pools/articleshow/133548000.cms,REQUIRES_REVIEW,,UNKNOWN,INSUFFICIENT EVIDENCE FOR THRESHOLD,"INSUFFICIENT EVIDENCE FOR THRESHOLD: rainfall and duration are contextual, not a verified road-specific causal pairing.",false,[],Citywide incidents,83,Kanpur,Barra,2026-08-26,84,"City total, midnight to Wednesday morning",Report window midnight–morning; exact continuous duration UNKNOWN,2–4 ft in named city areas; 2–3 ft at Chawla Market/Govind Nagar and 1–2 ft at Nandlal-to-Saket; P Road shops inundated; some depths are area-level.,Source explicitly names this location. Rainfall and depth are road-specific only if the cited report says so.,NO
HIST-LOC-0084,EVT-9bac447ab3bf,Citywide incidents!A84:J84,,,Yashoda Nagar,NOT_ASSESSED,Kanpur,,,2026-08-26,,,2026-08-26,84,CITY_TOTAL,"City total, midnight to Wednesday morning",false,,UNKNOWN,Report window midnight–morning; exact continuous duration UNKNOWN,,2–4 ft in named city areas; 2–3 ft at Chawla Market/Govind Nagar and 1–2 ft at Nandlal-to-Saket; P Road shops inundated; some depths are area-level.,EVENT_CONTEXT,Source explicitly names this location. Rainfall and depth are road-specific only if the cited report says so.,The Times of India,https://timesofindia.indiatimes.com/city/kanpur/several-parts-of-city-came-to-standstill-due-to-heavy-rainfall-turning-residential-areas-into-pools/articleshow/133548000.cms,REQUIRES_REVIEW,,UNKNOWN,INSUFFICIENT EVIDENCE FOR THRESHOLD,"INSUFFICIENT EVIDENCE FOR THRESHOLD: rainfall and duration are contextual, not a verified road-specific causal pairing.",false,[],Citywide incidents,84,Kanpur,Yashoda Nagar,2026-08-26,84,"City total, midnight to Wednesday morning",Report window midnight–morning; exact continuous duration UNKNOWN,2–4 ft in named city areas; 2–3 ft at Chawla Market/Govind Nagar and 1–2 ft at Nandlal-to-Saket; P Road shops inundated; some depths are area-level.,Source explicitly names this location. Rainfall and depth are road-specific only if the cited report says so.,NO
HIST-LOC-0085,EVT-9bac447ab3bf,Citywide incidents!A85:J85,,,Naubasta,NOT_ASSESSED,Kanpur,,,2026-08-26,,,2026-08-26,84,CITY_TOTAL,"City total, midnight to Wednesday morning",false,,UNKNOWN,Report window midnight–morning; exact continuous duration UNKNOWN,,2–4 ft in named city areas; 2–3 ft at Chawla Market/Govind Nagar and 1–2 ft at Nandlal-to-Saket; P Road shops inundated; some depths are area-level.,EVENT_CONTEXT,Source explicitly names this location. Rainfall and depth are road-specific only if the cited report says so.,The Times of India,https://timesofindia.indiatimes.com/city/kanpur/several-parts-of-city-came-to-standstill-due-to-heavy-rainfall-turning-residential-areas-into-pools/articleshow/133548000.cms,REQUIRES_REVIEW,,UNKNOWN,INSUFFICIENT EVIDENCE FOR THRESHOLD,"INSUFFICIENT EVIDENCE FOR THRESHOLD: rainfall and duration are contextual, not a verified road-specific causal pairing.",false,[],Citywide incidents,85,Kanpur,Naubasta,2026-08-26,84,"City total, midnight to Wednesday morning",Report window midnight–morning; exact continuous duration UNKNOWN,2–4 ft in named city areas; 2–3 ft at Chawla Market/Govind Nagar and 1–2 ft at Nandlal-to-Saket; P Road shops inundated; some depths are area-level.,Source explicitly names this location. Rainfall and depth are road-specific only if the cited report says so.,NO
HIST-LOC-0086,EVT-9bac447ab3bf,Citywide incidents!A86:J86,,,Machharia,NOT_ASSESSED,Kanpur,,,2026-08-26,,,2026-08-26,84,CITY_TOTAL,"City total, midnight to Wednesday morning",false,,UNKNOWN,Report window midnight–morning; exact continuous duration UNKNOWN,,2–4 ft in named city areas; 2–3 ft at Chawla Market/Govind Nagar and 1–2 ft at Nandlal-to-Saket; P Road shops inundated; some depths are area-level.,EVENT_CONTEXT,Source explicitly names this location. Rainfall and depth are road-specific only if the cited report says so.,The Times of India,https://timesofindia.indiatimes.com/city/kanpur/several-parts-of-city-came-to-standstill-due-to-heavy-rainfall-turning-residential-areas-into-pools/articleshow/133548000.cms,REQUIRES_REVIEW,,UNKNOWN,INSUFFICIENT EVIDENCE FOR THRESHOLD,"INSUFFICIENT EVIDENCE FOR THRESHOLD: rainfall and duration are contextual, not a verified road-specific causal pairing.",false,[],Citywide incidents,86,Kanpur,Machharia,2026-08-26,84,"City total, midnight to Wednesday morning",Report window midnight–morning; exact continuous duration UNKNOWN,2–4 ft in named city areas; 2–3 ft at Chawla Market/Govind Nagar and 1–2 ft at Nandlal-to-Saket; P Road shops inundated; some depths are area-level.,Source explicitly names this location. Rainfall and depth are road-specific only if the cited report says so.,NO
HIST-LOC-0087,EVT-9bac447ab3bf,Citywide incidents!A87:J87,,,Kaka Deo / Kakadeo,NOT_ASSESSED,Kanpur,,,2026-08-26,,,2026-08-26,84,CITY_TOTAL,"City total, midnight to Wednesday morning",false,,UNKNOWN,Report window midnight–morning; exact continuous duration UNKNOWN,,2–4 ft in named city areas; 2–3 ft at Chawla Market/Govind Nagar and 1–2 ft at Nandlal-to-Saket; P Road shops inundated; some depths are area-level.,EVENT_CONTEXT,Source explicitly names this location. Rainfall and depth are road-specific only if the cited report says so.,The Times of India,https://timesofindia.indiatimes.com/city/kanpur/several-parts-of-city-came-to-standstill-due-to-heavy-rainfall-turning-residential-areas-into-pools/articleshow/133548000.cms,REQUIRES_REVIEW,,UNKNOWN,INSUFFICIENT EVIDENCE FOR THRESHOLD,"INSUFFICIENT EVIDENCE FOR THRESHOLD: rainfall and duration are contextual, not a verified road-specific causal pairing.",true,[],Citywide incidents,87,Kanpur,Kaka Deo / Kakadeo,2026-08-26,84,"City total, midnight to Wednesday morning",Report window midnight–morning; exact continuous duration UNKNOWN,2–4 ft in named city areas; 2–3 ft at Chawla Market/Govind Nagar and 1–2 ft at Nandlal-to-Saket; P Road shops inundated; some depths are area-level.,Source explicitly names this location. Rainfall and depth are road-specific only if the cited report says so.,YES — Kakadeo
HIST-LOC-0088,EVT-9bac447ab3bf,Citywide incidents!A88:J88,,,Sarvodaya Nagar,NOT_ASSESSED,Kanpur,,,2026-08-26,,,2026-08-26,84,CITY_TOTAL,"City total, midnight to Wednesday morning",false,,UNKNOWN,Report window midnight–morning; exact continuous duration UNKNOWN,,2–4 ft in named city areas; 2–3 ft at Chawla Market/Govind Nagar and 1–2 ft at Nandlal-to-Saket; P Road shops inundated; some depths are area-level.,EVENT_CONTEXT,Source explicitly names this location. Rainfall and depth are road-specific only if the cited report says so.,The Times of India,https://timesofindia.indiatimes.com/city/kanpur/several-parts-of-city-came-to-standstill-due-to-heavy-rainfall-turning-residential-areas-into-pools/articleshow/133548000.cms,REQUIRES_REVIEW,,UNKNOWN,INSUFFICIENT EVIDENCE FOR THRESHOLD,"INSUFFICIENT EVIDENCE FOR THRESHOLD: rainfall and duration are contextual, not a verified road-specific causal pairing.",false,[],Citywide incidents,88,Kanpur,Sarvodaya Nagar,2026-08-26,84,"City total, midnight to Wednesday morning",Report window midnight–morning; exact continuous duration UNKNOWN,2–4 ft in named city areas; 2–3 ft at Chawla Market/Govind Nagar and 1–2 ft at Nandlal-to-Saket; P Road shops inundated; some depths are area-level.,Source explicitly names this location. Rainfall and depth are road-specific only if the cited report says so.,NO
HIST-LOC-0089,EVT-9bac447ab3bf,Citywide incidents!A89:J89,,,"VIP Road, Jajmau",NOT_ASSESSED,Kanpur,,,2026-08-26,,,2026-08-26,84,CITY_TOTAL,"City total, midnight to Wednesday morning",false,,UNKNOWN,Report window midnight–morning; exact continuous duration UNKNOWN,,2–4 ft in named city areas; 2–3 ft at Chawla Market/Govind Nagar and 1–2 ft at Nandlal-to-Saket; P Road shops inundated; some depths are area-level.,EVENT_CONTEXT,Source explicitly names this location. Rainfall and depth are road-specific only if the cited report says so.,The Times of India,https://timesofindia.indiatimes.com/city/kanpur/several-parts-of-city-came-to-standstill-due-to-heavy-rainfall-turning-residential-areas-into-pools/articleshow/133548000.cms,REQUIRES_REVIEW,,UNKNOWN,INSUFFICIENT EVIDENCE FOR THRESHOLD,"INSUFFICIENT EVIDENCE FOR THRESHOLD: rainfall and duration are contextual, not a verified road-specific causal pairing.",true,[],Citywide incidents,89,Kanpur,"VIP Road, Jajmau",2026-08-26,84,"City total, midnight to Wednesday morning",Report window midnight–morning; exact continuous duration UNKNOWN,2–4 ft in named city areas; 2–3 ft at Chawla Market/Govind Nagar and 1–2 ft at Nandlal-to-Saket; P Road shops inundated; some depths are area-level.,Source explicitly names this location. Rainfall and depth are road-specific only if the cited report says so.,YES — Jajmau
HIST-LOC-0090,EVT-9bac447ab3bf,Citywide incidents!A90:J90,,,Vishnupuri,NOT_ASSESSED,Kanpur,,,2026-08-26,,,2026-08-26,84,CITY_TOTAL,"City total, midnight to Wednesday morning",false,,UNKNOWN,Report window midnight–morning; exact continuous duration UNKNOWN,,2–4 ft in named city areas; 2–3 ft at Chawla Market/Govind Nagar and 1–2 ft at Nandlal-to-Saket; P Road shops inundated; some depths are area-level.,EVENT_CONTEXT,Source explicitly names this location. Rainfall and depth are road-specific only if the cited report says so.,The Times of India,https://timesofindia.indiatimes.com/city/kanpur/several-parts-of-city-came-to-standstill-due-to-heavy-rainfall-turning-residential-areas-into-pools/articleshow/133548000.cms,REQUIRES_REVIEW,,UNKNOWN,INSUFFICIENT EVIDENCE FOR THRESHOLD,"INSUFFICIENT EVIDENCE FOR THRESHOLD: rainfall and duration are contextual, not a verified road-specific causal pairing.",false,[],Citywide incidents,90,Kanpur,Vishnupuri,2026-08-26,84,"City total, midnight to Wednesday morning",Report window midnight–morning; exact continuous duration UNKNOWN,2–4 ft in named city areas; 2–3 ft at Chawla Market/Govind Nagar and 1–2 ft at Nandlal-to-Saket; P Road shops inundated; some depths are area-level.,Source explicitly names this location. Rainfall and depth are road-specific only if the cited report says so.,NO
HIST-LOC-0091,EVT-9bac447ab3bf,Citywide incidents!A91:J91,,,Gwaltoli,NOT_ASSESSED,Kanpur,,,2026-08-26,,,2026-08-26,84,CITY_TOTAL,"City total, midnight to Wednesday morning",false,,UNKNOWN,Report window midnight–morning; exact continuous duration UNKNOWN,,2–4 ft in named city areas; 2–3 ft at Chawla Market/Govind Nagar and 1–2 ft at Nandlal-to-Saket; P Road shops inundated; some depths are area-level.,EVENT_CONTEXT,Source explicitly names this location. Rainfall and depth are road-specific only if the cited report says so.,The Times of India,https://timesofindia.indiatimes.com/city/kanpur/several-parts-of-city-came-to-standstill-due-to-heavy-rainfall-turning-residential-areas-into-pools/articleshow/133548000.cms,REQUIRES_REVIEW,,UNKNOWN,INSUFFICIENT EVIDENCE FOR THRESHOLD,"INSUFFICIENT EVIDENCE FOR THRESHOLD: rainfall and duration are contextual, not a verified road-specific causal pairing.",true,[],Citywide incidents,91,Kanpur,Gwaltoli,2026-08-26,84,"City total, midnight to Wednesday morning",Report window midnight–morning; exact continuous duration UNKNOWN,2–4 ft in named city areas; 2–3 ft at Chawla Market/Govind Nagar and 1–2 ft at Nandlal-to-Saket; P Road shops inundated; some depths are area-level.,Source explicitly names this location. Rainfall and depth are road-specific only if the cited report says so.,YES — Gwaltdi (reported as Gwaltoli)
HIST-LOC-0092,EVT-9bac447ab3bf,Citywide incidents!A92:J92,,,Khalasi Line,NOT_ASSESSED,Kanpur,,,2026-08-26,,,2026-08-26,84,CITY_TOTAL,"City total, midnight to Wednesday morning",false,,UNKNOWN,Report window midnight–morning; exact continuous duration UNKNOWN,,2–4 ft in named city areas; 2–3 ft at Chawla Market/Govind Nagar and 1–2 ft at Nandlal-to-Saket; P Road shops inundated; some depths are area-level.,EVENT_CONTEXT,Source explicitly names this location. Rainfall and depth are road-specific only if the cited report says so.,The Times of India,https://timesofindia.indiatimes.com/city/kanpur/several-parts-of-city-came-to-standstill-due-to-heavy-rainfall-turning-residential-areas-into-pools/articleshow/133548000.cms,REQUIRES_REVIEW,,UNKNOWN,INSUFFICIENT EVIDENCE FOR THRESHOLD,"INSUFFICIENT EVIDENCE FOR THRESHOLD: rainfall and duration are contextual, not a verified road-specific causal pairing.",false,[],Citywide incidents,92,Kanpur,Khalasi Line,2026-08-26,84,"City total, midnight to Wednesday morning",Report window midnight–morning; exact continuous duration UNKNOWN,2–4 ft in named city areas; 2–3 ft at Chawla Market/Govind Nagar and 1–2 ft at Nandlal-to-Saket; P Road shops inundated; some depths are area-level.,Source explicitly names this location. Rainfall and depth are road-specific only if the cited report says so.,NO
HIST-LOC-0093,EVT-9bac447ab3bf,Citywide incidents!A93:J93,,,"Kanpur Central, city and Cantt sides",NOT_ASSESSED,Kanpur,,,2026-08-26,,,2026-08-26,84,CITY_TOTAL,"City total, midnight to Wednesday morning",false,,UNKNOWN,Report window midnight–morning; exact continuous duration UNKNOWN,,2–4 ft in named city areas; 2–3 ft at Chawla Market/Govind Nagar and 1–2 ft at Nandlal-to-Saket; P Road shops inundated; some depths are area-level.,EVENT_CONTEXT,Source explicitly names this location. Rainfall and depth are road-specific only if the cited report says so.,The Times of India,https://timesofindia.indiatimes.com/city/kanpur/several-parts-of-city-came-to-standstill-due-to-heavy-rainfall-turning-residential-areas-into-pools/articleshow/133548000.cms,REQUIRES_REVIEW,,UNKNOWN,INSUFFICIENT EVIDENCE FOR THRESHOLD,"INSUFFICIENT EVIDENCE FOR THRESHOLD: rainfall and duration are contextual, not a verified road-specific causal pairing.",false,[],Citywide incidents,93,Kanpur,"Kanpur Central, city and Cantt sides",2026-08-26,84,"City total, midnight to Wednesday morning",Report window midnight–morning; exact continuous duration UNKNOWN,2–4 ft in named city areas; 2–3 ft at Chawla Market/Govind Nagar and 1–2 ft at Nandlal-to-Saket; P Road shops inundated; some depths are area-level.,Source explicitly names this location. Rainfall and depth are road-specific only if the cited report says so.,NO
HIST-LOC-0094,EVT-9bac447ab3bf,Citywide incidents!A94:J94,,,Station Road to Ghantaghar crossing,NOT_ASSESSED,Kanpur,,,2026-08-26,,,2026-08-26,84,CITY_TOTAL,"City total, midnight to Wednesday morning",false,,UNKNOWN,Report window midnight–morning; exact continuous duration UNKNOWN,,2–4 ft in named city areas; 2–3 ft at Chawla Market/Govind Nagar and 1–2 ft at Nandlal-to-Saket; P Road shops inundated; some depths are area-level.,EVENT_CONTEXT,Source explicitly names this location. Rainfall and depth are road-specific only if the cited report says so.,The Times of India,https://timesofindia.indiatimes.com/city/kanpur/several-parts-of-city-came-to-standstill-due-to-heavy-rainfall-turning-residential-areas-into-pools/articleshow/133548000.cms,REQUIRES_REVIEW,,UNKNOWN,INSUFFICIENT EVIDENCE FOR THRESHOLD,"INSUFFICIENT EVIDENCE FOR THRESHOLD: rainfall and duration are contextual, not a verified road-specific causal pairing.",false,[],Citywide incidents,94,Kanpur,Station Road to Ghantaghar crossing,2026-08-26,84,"City total, midnight to Wednesday morning",Report window midnight–morning; exact continuous duration UNKNOWN,2–4 ft in named city areas; 2–3 ft at Chawla Market/Govind Nagar and 1–2 ft at Nandlal-to-Saket; P Road shops inundated; some depths are area-level.,Source explicitly names this location. Rainfall and depth are road-specific only if the cited report says so.,NO
HIST-LOC-0095,EVT-9bac447ab3bf,Citywide incidents!A95:J95,,,Wazidpur treatment plant–Siddhanath Ghat Road,NOT_ASSESSED,Kanpur,,,2026-08-26,,,2026-08-26,84,CITY_TOTAL,"City total, midnight to Wednesday morning",false,,UNKNOWN,Report window midnight–morning; exact continuous duration UNKNOWN,,2–4 ft in named city areas; 2–3 ft at Chawla Market/Govind Nagar and 1–2 ft at Nandlal-to-Saket; P Road shops inundated; some depths are area-level.,EVENT_CONTEXT,Source explicitly names this location. Rainfall and depth are road-specific only if the cited report says so.,The Times of India,https://timesofindia.indiatimes.com/city/kanpur/several-parts-of-city-came-to-standstill-due-to-heavy-rainfall-turning-residential-areas-into-pools/articleshow/133548000.cms,REQUIRES_REVIEW,,UNKNOWN,INSUFFICIENT EVIDENCE FOR THRESHOLD,"INSUFFICIENT EVIDENCE FOR THRESHOLD: rainfall and duration are contextual, not a verified road-specific causal pairing.",false,[],Citywide incidents,95,Kanpur,Wazidpur treatment plant–Siddhanath Ghat Road,2026-08-26,84,"City total, midnight to Wednesday morning",Report window midnight–morning; exact continuous duration UNKNOWN,2–4 ft in named city areas; 2–3 ft at Chawla Market/Govind Nagar and 1–2 ft at Nandlal-to-Saket; P Road shops inundated; some depths are area-level.,Source explicitly names this location. Rainfall and depth are road-specific only if the cited report says so.,NO
HIST-LOC-0096,EVT-9bac447ab3bf,Citywide incidents!A96:J96,,,Tar Bangalia,NOT_ASSESSED,Kanpur,,,2026-08-26,,,2026-08-26,84,CITY_TOTAL,"City total, midnight to Wednesday morning",false,,UNKNOWN,Report window midnight–morning; exact continuous duration UNKNOWN,,2–4 ft in named city areas; 2–3 ft at Chawla Market/Govind Nagar and 1–2 ft at Nandlal-to-Saket; P Road shops inundated; some depths are area-level.,EVENT_CONTEXT,Source explicitly names this location. Rainfall and depth are road-specific only if the cited report says so.,The Times of India,https://timesofindia.indiatimes.com/city/kanpur/several-parts-of-city-came-to-standstill-due-to-heavy-rainfall-turning-residential-areas-into-pools/articleshow/133548000.cms,REQUIRES_REVIEW,,UNKNOWN,INSUFFICIENT EVIDENCE FOR THRESHOLD,"INSUFFICIENT EVIDENCE FOR THRESHOLD: rainfall and duration are contextual, not a verified road-specific causal pairing.",false,[],Citywide incidents,96,Kanpur,Tar Bangalia,2026-08-26,84,"City total, midnight to Wednesday morning",Report window midnight–morning; exact continuous duration UNKNOWN,2–4 ft in named city areas; 2–3 ft at Chawla Market/Govind Nagar and 1–2 ft at Nandlal-to-Saket; P Road shops inundated; some depths are area-level.,Source explicitly names this location. Rainfall and depth are road-specific only if the cited report says so.,NO
HIST-LOC-0097,EVT-9bac447ab3bf,Citywide incidents!A97:J97,,,RTO Road,NOT_ASSESSED,Kanpur,,,2026-08-26,,,2026-08-26,84,CITY_TOTAL,"City total, midnight to Wednesday morning",false,,UNKNOWN,Report window midnight–morning; exact continuous duration UNKNOWN,,2–4 ft in named city areas; 2–3 ft at Chawla Market/Govind Nagar and 1–2 ft at Nandlal-to-Saket; P Road shops inundated; some depths are area-level.,EVENT_CONTEXT,Source explicitly names this location. Rainfall and depth are road-specific only if the cited report says so.,The Times of India,https://timesofindia.indiatimes.com/city/kanpur/several-parts-of-city-came-to-standstill-due-to-heavy-rainfall-turning-residential-areas-into-pools/articleshow/133548000.cms,REQUIRES_REVIEW,,UNKNOWN,INSUFFICIENT EVIDENCE FOR THRESHOLD,"INSUFFICIENT EVIDENCE FOR THRESHOLD: rainfall and duration are contextual, not a verified road-specific causal pairing.",false,[],Citywide incidents,97,Kanpur,RTO Road,2026-08-26,84,"City total, midnight to Wednesday morning",Report window midnight–morning; exact continuous duration UNKNOWN,2–4 ft in named city areas; 2–3 ft at Chawla Market/Govind Nagar and 1–2 ft at Nandlal-to-Saket; P Road shops inundated; some depths are area-level.,Source explicitly names this location. Rainfall and depth are road-specific only if the cited report says so.,NO
HIST-LOC-0098,EVT-9bac447ab3bf,Citywide incidents!A98:J98,,,P Road market,NOT_ASSESSED,Kanpur,,,2026-08-26,,,2026-08-26,84,CITY_TOTAL,"City total, midnight to Wednesday morning",false,,UNKNOWN,Report window midnight–morning; exact continuous duration UNKNOWN,,2–4 ft in named city areas; 2–3 ft at Chawla Market/Govind Nagar and 1–2 ft at Nandlal-to-Saket; P Road shops inundated; some depths are area-level.,EVENT_CONTEXT,Source explicitly names this location. Rainfall and depth are road-specific only if the cited report says so.,The Times of India,https://timesofindia.indiatimes.com/city/kanpur/several-parts-of-city-came-to-standstill-due-to-heavy-rainfall-turning-residential-areas-into-pools/articleshow/133548000.cms,REQUIRES_REVIEW,,UNKNOWN,INSUFFICIENT EVIDENCE FOR THRESHOLD,"INSUFFICIENT EVIDENCE FOR THRESHOLD: rainfall and duration are contextual, not a verified road-specific causal pairing.",true,[],Citywide incidents,98,Kanpur,P Road market,2026-08-26,84,"City total, midnight to Wednesday morning",Report window midnight–morning; exact continuous duration UNKNOWN,2–4 ft in named city areas; 2–3 ft at Chawla Market/Govind Nagar and 1–2 ft at Nandlal-to-Saket; P Road shops inundated; some depths are area-level.,Source explicitly names this location. Rainfall and depth are road-specific only if the cited report says so.,YES — P Road
HIST-LOC-0099,EVT-9bac447ab3bf,Citywide incidents!A99:J99,,,Juhi railway underpass,NOT_ASSESSED,Kanpur,,,2026-08-26,,,2026-08-26,84,CITY_TOTAL,"City total, midnight to Wednesday morning",false,,UNKNOWN,Report window midnight–morning; exact continuous duration UNKNOWN,,2–4 ft in named city areas; 2–3 ft at Chawla Market/Govind Nagar and 1–2 ft at Nandlal-to-Saket; P Road shops inundated; some depths are area-level.,EVENT_CONTEXT,Source explicitly names this location. Rainfall and depth are road-specific only if the cited report says so.,The Times of India,https://timesofindia.indiatimes.com/city/kanpur/several-parts-of-city-came-to-standstill-due-to-heavy-rainfall-turning-residential-areas-into-pools/articleshow/133548000.cms,REQUIRES_REVIEW,,UNKNOWN,INSUFFICIENT EVIDENCE FOR THRESHOLD,"INSUFFICIENT EVIDENCE FOR THRESHOLD: rainfall and duration are contextual, not a verified road-specific causal pairing.",false,[],Citywide incidents,99,Kanpur,Juhi railway underpass,2026-08-26,84,"City total, midnight to Wednesday morning",Report window midnight–morning; exact continuous duration UNKNOWN,2–4 ft in named city areas; 2–3 ft at Chawla Market/Govind Nagar and 1–2 ft at Nandlal-to-Saket; P Road shops inundated; some depths are area-level.,Source explicitly names this location. Rainfall and depth are road-specific only if the cited report says so.,NO
HIST-LOC-0100,EVT-9bac447ab3bf,Citywide incidents!A100:J100,,,Parag Milk Dairy–Gaushala stretches,NOT_ASSESSED,Kanpur,,,2026-08-26,,,2026-08-26,84,CITY_TOTAL,"City total, midnight to Wednesday morning",false,,UNKNOWN,Report window midnight–morning; exact continuous duration UNKNOWN,,2–4 ft in named city areas; 2–3 ft at Chawla Market/Govind Nagar and 1–2 ft at Nandlal-to-Saket; P Road shops inundated; some depths are area-level.,EVENT_CONTEXT,Source explicitly names this location. Rainfall and depth are road-specific only if the cited report says so.,The Times of India,https://timesofindia.indiatimes.com/city/kanpur/several-parts-of-city-came-to-standstill-due-to-heavy-rainfall-turning-residential-areas-into-pools/articleshow/133548000.cms,REQUIRES_REVIEW,,UNKNOWN,INSUFFICIENT EVIDENCE FOR THRESHOLD,"INSUFFICIENT EVIDENCE FOR THRESHOLD: rainfall and duration are contextual, not a verified road-specific causal pairing.",false,[],Citywide incidents,100,Kanpur,Parag Milk Dairy–Gaushala stretches,2026-08-26,84,"City total, midnight to Wednesday morning",Report window midnight–morning; exact continuous duration UNKNOWN,2–4 ft in named city areas; 2–3 ft at Chawla Market/Govind Nagar and 1–2 ft at Nandlal-to-Saket; P Road shops inundated; some depths are area-level.,Source explicitly names this location. Rainfall and depth are road-specific only if the cited report says so.,NO
HIST-LOC-0101,EVT-3f5b80d5a4c1,Citywide incidents!A101:J101,,,Govind Nagar / Chawla Market crossing,NOT_ASSESSED,Kanpur,,,,2026-08-03,2026-08-05,2026-08-03 to 2026-08-05,167.5,WEATHER_STATION,"CSA city observatory, 62.9 + 40.2 + 64.4 mm over three days",false,,UNKNOWN,Three-day episode; continuous duration UNKNOWN,,2–3 ft at Chawla Market crossing; 1–2 ft at nearby Nandlal crossing; Juhi underpass deep water; other road-depths UNKNOWN.,EVENT_CONTEXT,Source explicitly names this location. Rainfall and depth are road-specific only if the cited report says so.,The Times of India,https://timesofindia.indiatimes.com/city/kanpur/incessant-rains-for-past-three-days-damage-city-roads-low-lying-areas-submerge-in-water/articleshow/132957015.cms,REQUIRES_REVIEW,,UNKNOWN,INSUFFICIENT EVIDENCE FOR THRESHOLD,"INSUFFICIENT EVIDENCE FOR THRESHOLD: rainfall and duration are contextual, not a verified road-specific causal pairing.",true,[],Citywide incidents,101,Kanpur,Govind Nagar / Chawla Market crossing,2026-08-03 to 2026-08-05,167.5,"CSA city observatory, 62.9 + 40.2 + 64.4 mm over three days",Three-day episode; continuous duration UNKNOWN,2–3 ft at Chawla Market crossing; 1–2 ft at nearby Nandlal crossing; Juhi underpass deep water; other road-depths UNKNOWN.,Source explicitly names this location. Rainfall and depth are road-specific only if the cited report says so.,YES — Govind Nagar
HIST-LOC-0102,EVT-3f5b80d5a4c1,Citywide incidents!A102:J102,,,Nandlal crossing,NOT_ASSESSED,Kanpur,,,,2026-08-03,2026-08-05,2026-08-03 to 2026-08-05,167.5,WEATHER_STATION,"CSA city observatory, 62.9 + 40.2 + 64.4 mm over three days",false,,UNKNOWN,Three-day episode; continuous duration UNKNOWN,,2–3 ft at Chawla Market crossing; 1–2 ft at nearby Nandlal crossing; Juhi underpass deep water; other road-depths UNKNOWN.,EVENT_CONTEXT,Source explicitly names this location. Rainfall and depth are road-specific only if the cited report says so.,The Times of India,https://timesofindia.indiatimes.com/city/kanpur/incessant-rains-for-past-three-days-damage-city-roads-low-lying-areas-submerge-in-water/articleshow/132957015.cms,REQUIRES_REVIEW,,UNKNOWN,INSUFFICIENT EVIDENCE FOR THRESHOLD,"INSUFFICIENT EVIDENCE FOR THRESHOLD: rainfall and duration are contextual, not a verified road-specific causal pairing.",false,[],Citywide incidents,102,Kanpur,Nandlal crossing,2026-08-03 to 2026-08-05,167.5,"CSA city observatory, 62.9 + 40.2 + 64.4 mm over three days",Three-day episode; continuous duration UNKNOWN,2–3 ft at Chawla Market crossing; 1–2 ft at nearby Nandlal crossing; Juhi underpass deep water; other road-depths UNKNOWN.,Source explicitly names this location. Rainfall and depth are road-specific only if the cited report says so.,NO
HIST-LOC-0103,EVT-3f5b80d5a4c1,Citywide incidents!A103:J103,,,Juhi railway underpass,NOT_ASSESSED,Kanpur,,,,2026-08-03,2026-08-05,2026-08-03 to 2026-08-05,167.5,WEATHER_STATION,"CSA city observatory, 62.9 + 40.2 + 64.4 mm over three days",false,,UNKNOWN,Three-day episode; continuous duration UNKNOWN,,2–3 ft at Chawla Market crossing; 1–2 ft at nearby Nandlal crossing; Juhi underpass deep water; other road-depths UNKNOWN.,EVENT_CONTEXT,Source explicitly names this location. Rainfall and depth are road-specific only if the cited report says so.,The Times of India,https://timesofindia.indiatimes.com/city/kanpur/incessant-rains-for-past-three-days-damage-city-roads-low-lying-areas-submerge-in-water/articleshow/132957015.cms,REQUIRES_REVIEW,,UNKNOWN,INSUFFICIENT EVIDENCE FOR THRESHOLD,"INSUFFICIENT EVIDENCE FOR THRESHOLD: rainfall and duration are contextual, not a verified road-specific causal pairing.",false,[],Citywide incidents,103,Kanpur,Juhi railway underpass,2026-08-03 to 2026-08-05,167.5,"CSA city observatory, 62.9 + 40.2 + 64.4 mm over three days",Three-day episode; continuous duration UNKNOWN,2–3 ft at Chawla Market crossing; 1–2 ft at nearby Nandlal crossing; Juhi underpass deep water; other road-depths UNKNOWN.,Source explicitly names this location. Rainfall and depth are road-specific only if the cited report says so.,NO
HIST-LOC-0104,EVT-3f5b80d5a4c1,Citywide incidents!A104:J104,,,Ashok Nagar,NOT_ASSESSED,Kanpur,,,,2026-08-03,2026-08-05,2026-08-03 to 2026-08-05,167.5,WEATHER_STATION,"CSA city observatory, 62.9 + 40.2 + 64.4 mm over three days",false,,UNKNOWN,Three-day episode; continuous duration UNKNOWN,,2–3 ft at Chawla Market crossing; 1–2 ft at nearby Nandlal crossing; Juhi underpass deep water; other road-depths UNKNOWN.,EVENT_CONTEXT,Source explicitly names this location. Rainfall and depth are road-specific only if the cited report says so.,The Times of India,https://timesofindia.indiatimes.com/city/kanpur/incessant-rains-for-past-three-days-damage-city-roads-low-lying-areas-submerge-in-water/articleshow/132957015.cms,REQUIRES_REVIEW,,UNKNOWN,INSUFFICIENT EVIDENCE FOR THRESHOLD,"INSUFFICIENT EVIDENCE FOR THRESHOLD: rainfall and duration are contextual, not a verified road-specific causal pairing.",false,[],Citywide incidents,104,Kanpur,Ashok Nagar,2026-08-03 to 2026-08-05,167.5,"CSA city observatory, 62.9 + 40.2 + 64.4 mm over three days",Three-day episode; continuous duration UNKNOWN,2–3 ft at Chawla Market crossing; 1–2 ft at nearby Nandlal crossing; Juhi underpass deep water; other road-depths UNKNOWN.,Source explicitly names this location. Rainfall and depth are road-specific only if the cited report says so.,NO
HIST-LOC-0105,EVT-3f5b80d5a4c1,Citywide incidents!A105:J105,,,80 Feet Road,NOT_ASSESSED,Kanpur,,,,2026-08-03,2026-08-05,2026-08-03 to 2026-08-05,167.5,WEATHER_STATION,"CSA city observatory, 62.9 + 40.2 + 64.4 mm over three days",false,,UNKNOWN,Three-day episode; continuous duration UNKNOWN,,2–3 ft at Chawla Market crossing; 1–2 ft at nearby Nandlal crossing; Juhi underpass deep water; other road-depths UNKNOWN.,EVENT_CONTEXT,Source explicitly names this location. Rainfall and depth are road-specific only if the cited report says so.,The Times of India,https://timesofindia.indiatimes.com/city/kanpur/incessant-rains-for-past-three-days-damage-city-roads-low-lying-areas-submerge-in-water/articleshow/132957015.cms,REQUIRES_REVIEW,,UNKNOWN,INSUFFICIENT EVIDENCE FOR THRESHOLD,"INSUFFICIENT EVIDENCE FOR THRESHOLD: rainfall and duration are contextual, not a verified road-specific causal pairing.",false,[],Citywide incidents,105,Kanpur,80 Feet Road,2026-08-03 to 2026-08-05,167.5,"CSA city observatory, 62.9 + 40.2 + 64.4 mm over three days",Three-day episode; continuous duration UNKNOWN,2–3 ft at Chawla Market crossing; 1–2 ft at nearby Nandlal crossing; Juhi underpass deep water; other road-depths UNKNOWN.,Source explicitly names this location. Rainfall and depth are road-specific only if the cited report says so.,NO
HIST-LOC-0106,EVT-1253b90a1e26,Citywide incidents!A106:J106,,,Juhi railway underbridge,NOT_ASSESSED,Kanpur,,,2026-07-03,,,2026-07-03,99.8,WEATHER_STATION,CSA weather observatory; city total,false,150,APPROXIMATE,About 2.5 hours; heaviest spell 06:00–07:30,,Juhi railway underbridge submerged; waterlogging in listed main roads and hospital premises; location depths UNKNOWN.,EVENT_CONTEXT,Source explicitly names this location. Rainfall and depth are road-specific only if the cited report says so.,The Times of India,https://timesofindia.indiatimes.com/city/kanpur/99-8-mm-rain-brings-kanpur-to-its-knees/articleshow/132168218.cms,REQUIRES_REVIEW,,UNKNOWN,INSUFFICIENT EVIDENCE FOR THRESHOLD,"INSUFFICIENT EVIDENCE FOR THRESHOLD: rainfall and duration are contextual, not a verified road-specific causal pairing.",false,[],Citywide incidents,106,Kanpur,Juhi railway underbridge,2026-07-03,99.8,CSA weather observatory; city total,About 2.5 hours; heaviest spell 06:00–07:30,Juhi railway underbridge submerged; waterlogging in listed main roads and hospital premises; location depths UNKNOWN.,Source explicitly names this location. Rainfall and depth are road-specific only if the cited report says so.,NO
HIST-LOC-0107,EVT-1253b90a1e26,Citywide incidents!A107:J107,,,Kanpur South roads,AREA_ONLY,Kanpur,,,2026-07-03,,,2026-07-03,99.8,WEATHER_STATION,CSA weather observatory; city total,false,150,APPROXIMATE,About 2.5 hours; heaviest spell 06:00–07:30,,Juhi railway underbridge submerged; waterlogging in listed main roads and hospital premises; location depths UNKNOWN.,EVENT_CONTEXT,Source explicitly names this location. Rainfall and depth are road-specific only if the cited report says so.,The Times of India,https://timesofindia.indiatimes.com/city/kanpur/99-8-mm-rain-brings-kanpur-to-its-knees/articleshow/132168218.cms,REQUIRES_REVIEW,,UNKNOWN,INSUFFICIENT EVIDENCE FOR THRESHOLD,"INSUFFICIENT EVIDENCE FOR THRESHOLD: rainfall and duration are contextual, not a verified road-specific causal pairing.",false,[],Citywide incidents,107,Kanpur,Kanpur South roads (specific route UNKNOWN),2026-07-03,99.8,CSA weather observatory; city total,About 2.5 hours; heaviest spell 06:00–07:30,Juhi railway underbridge submerged; waterlogging in listed main roads and hospital premises; location depths UNKNOWN.,Source explicitly names this location. Rainfall and depth are road-specific only if the cited report says so.,NO
HIST-LOC-0108,EVT-1253b90a1e26,Citywide incidents!A108:J108,,,Birhana Road,NOT_ASSESSED,Kanpur,,,2026-07-03,,,2026-07-03,99.8,WEATHER_STATION,CSA weather observatory; city total,false,150,APPROXIMATE,About 2.5 hours; heaviest spell 06:00–07:30,,Juhi railway underbridge submerged; waterlogging in listed main roads and hospital premises; location depths UNKNOWN.,EVENT_CONTEXT,Source explicitly names this location. Rainfall and depth are road-specific only if the cited report says so.,The Times of India,https://timesofindia.indiatimes.com/city/kanpur/99-8-mm-rain-brings-kanpur-to-its-knees/articleshow/132168218.cms,REQUIRES_REVIEW,,UNKNOWN,INSUFFICIENT EVIDENCE FOR THRESHOLD,"INSUFFICIENT EVIDENCE FOR THRESHOLD: rainfall and duration are contextual, not a verified road-specific causal pairing.",false,[],Citywide incidents,108,Kanpur,Birhana Road,2026-07-03,99.8,CSA weather observatory; city total,About 2.5 hours; heaviest spell 06:00–07:30,Juhi railway underbridge submerged; waterlogging in listed main roads and hospital premises; location depths UNKNOWN.,Source explicitly names this location. Rainfall and depth are road-specific only if the cited report says so.,NO
HIST-LOC-0109,EVT-1253b90a1e26,Citywide incidents!A109:J109,,,Mall Road,NOT_ASSESSED,Kanpur,,,2026-07-03,,,2026-07-03,99.8,WEATHER_STATION,CSA weather observatory; city total,false,150,APPROXIMATE,About 2.5 hours; heaviest spell 06:00–07:30,,Juhi railway underbridge submerged; waterlogging in listed main roads and hospital premises; location depths UNKNOWN.,EVENT_CONTEXT,Source explicitly names this location. Rainfall and depth are road-specific only if the cited report says so.,The Times of India,https://timesofindia.indiatimes.com/city/kanpur/99-8-mm-rain-brings-kanpur-to-its-knees/articleshow/132168218.cms,REQUIRES_REVIEW,,UNKNOWN,INSUFFICIENT EVIDENCE FOR THRESHOLD,"INSUFFICIENT EVIDENCE FOR THRESHOLD: rainfall and duration are contextual, not a verified road-specific causal pairing.",false,[],Citywide incidents,109,Kanpur,Mall Road,2026-07-03,99.8,CSA weather observatory; city total,About 2.5 hours; heaviest spell 06:00–07:30,Juhi railway underbridge submerged; waterlogging in listed main roads and hospital premises; location depths UNKNOWN.,Source explicitly names this location. Rainfall and depth are road-specific only if the cited report says so.,NO
HIST-LOC-0110,EVT-1253b90a1e26,Citywide incidents!A110:J110,,,Bara Chauraha,NOT_ASSESSED,Kanpur,,,2026-07-03,,,2026-07-03,99.8,WEATHER_STATION,CSA weather observatory; city total,false,150,APPROXIMATE,About 2.5 hours; heaviest spell 06:00–07:30,,Juhi railway underbridge submerged; waterlogging in listed main roads and hospital premises; location depths UNKNOWN.,EVENT_CONTEXT,Source explicitly names this location. Rainfall and depth are road-specific only if the cited report says so.,The Times of India,https://timesofindia.indiatimes.com/city/kanpur/99-8-mm-rain-brings-kanpur-to-its-knees/articleshow/132168218.cms,REQUIRES_REVIEW,,UNKNOWN,INSUFFICIENT EVIDENCE FOR THRESHOLD,"INSUFFICIENT EVIDENCE FOR THRESHOLD: rainfall and duration are contextual, not a verified road-specific causal pairing.",false,[],Citywide incidents,110,Kanpur,Bara Chauraha,2026-07-03,99.8,CSA weather observatory; city total,About 2.5 hours; heaviest spell 06:00–07:30,Juhi railway underbridge submerged; waterlogging in listed main roads and hospital premises; location depths UNKNOWN.,Source explicitly names this location. Rainfall and depth are road-specific only if the cited report says so.,NO
HIST-LOC-0111,EVT-1253b90a1e26,Citywide incidents!A111:J111,,,Ursula Horsman Memorial Hospital,NOT_ASSESSED,Kanpur,,,2026-07-03,,,2026-07-03,99.8,WEATHER_STATION,CSA weather observatory; city total,false,150,APPROXIMATE,About 2.5 hours; heaviest spell 06:00–07:30,,Juhi railway underbridge submerged; waterlogging in listed main roads and hospital premises; location depths UNKNOWN.,EVENT_CONTEXT,Source explicitly names this location. Rainfall and depth are road-specific only if the cited report says so.,The Times of India,https://timesofindia.indiatimes.com/city/kanpur/99-8-mm-rain-brings-kanpur-to-its-knees/articleshow/132168218.cms,REQUIRES_REVIEW,,UNKNOWN,INSUFFICIENT EVIDENCE FOR THRESHOLD,"INSUFFICIENT EVIDENCE FOR THRESHOLD: rainfall and duration are contextual, not a verified road-specific causal pairing.",false,[],Citywide incidents,111,Kanpur,Ursula Horsman Memorial Hospital,2026-07-03,99.8,CSA weather observatory; city total,About 2.5 hours; heaviest spell 06:00–07:30,Juhi railway underbridge submerged; waterlogging in listed main roads and hospital premises; location depths UNKNOWN.,Source explicitly names this location. Rainfall and depth are road-specific only if the cited report says so.,NO
HIST-LOC-0112,EVT-1253b90a1e26,Citywide incidents!A112:J112,,,LLR Hospital,NOT_ASSESSED,Kanpur,,,2026-07-03,,,2026-07-03,99.8,WEATHER_STATION,CSA weather observatory; city total,false,150,APPROXIMATE,About 2.5 hours; heaviest spell 06:00–07:30,,Juhi railway underbridge submerged; waterlogging in listed main roads and hospital premises; location depths UNKNOWN.,EVENT_CONTEXT,Source explicitly names this location. Rainfall and depth are road-specific only if the cited report says so.,The Times of India,https://timesofindia.indiatimes.com/city/kanpur/99-8-mm-rain-brings-kanpur-to-its-knees/articleshow/132168218.cms,REQUIRES_REVIEW,,UNKNOWN,INSUFFICIENT EVIDENCE FOR THRESHOLD,"INSUFFICIENT EVIDENCE FOR THRESHOLD: rainfall and duration are contextual, not a verified road-specific causal pairing.",false,[],Citywide incidents,112,Kanpur,LLR Hospital,2026-07-03,99.8,CSA weather observatory; city total,About 2.5 hours; heaviest spell 06:00–07:30,Juhi railway underbridge submerged; waterlogging in listed main roads and hospital premises; location depths UNKNOWN.,Source explicitly names this location. Rainfall and depth are road-specific only if the cited report says so.,NO
HIST-LOC-0113,EVT-70c9c5201fa1,Citywide incidents!A113:J113,,,Panki (Pandu River drainage backwater),NOT_ASSESSED,Kanpur,,,2026-09-27,,,2026-09-27,,UNKNOWN,No local total in cited report; Pandu River backwater reported,false,,UNKNOWN,UNKNOWN,,Waterlogging in Panki as high river level obstructed rainwater discharge; exact street and pavement type UNKNOWN.,EVENT_CONTEXT,Source explicitly names this location. Rainfall and depth are road-specific only if the cited report says so.,The Times of India,https://timesofindia.indiatimes.com/city/kanpur/around-240-families-rescued-from-inundated-residential-areas-along-pandu-river/articleshow/134524691.cms,REQUIRES_REVIEW,,UNKNOWN,INSUFFICIENT EVIDENCE FOR THRESHOLD,"INSUFFICIENT EVIDENCE FOR THRESHOLD: rainfall and duration are contextual, not a verified road-specific causal pairing.",true,[],Citywide incidents,113,Kanpur,Panki (Pandu River drainage backwater),2026-09-27,UNKNOWN,No local total in cited report; Pandu River backwater reported,UNKNOWN,Waterlogging in Panki as high river level obstructed rainwater discharge; exact street and pavement type UNKNOWN.,Source explicitly names this location. Rainfall and depth are road-specific only if the cited report says so.,YES — Panki (pavement type not distinguished)
HIST-LOC-0114,EVT-70c9c5201fa1,Citywide incidents!A114:J114,,,Sundar Nagar (Pandu River drainage backwater),NOT_ASSESSED,Kanpur,,,2026-09-27,,,2026-09-27,,UNKNOWN,No local total in cited report; Pandu River backwater reported,false,,UNKNOWN,UNKNOWN,,Waterlogging in Panki as high river level obstructed rainwater discharge; exact street and pavement type UNKNOWN.,EVENT_CONTEXT,Source explicitly names this location. Rainfall and depth are road-specific only if the cited report says so.,The Times of India,https://timesofindia.indiatimes.com/city/kanpur/around-240-families-rescued-from-inundated-residential-areas-along-pandu-river/articleshow/134524691.cms,REQUIRES_REVIEW,,UNKNOWN,INSUFFICIENT EVIDENCE FOR THRESHOLD,"INSUFFICIENT EVIDENCE FOR THRESHOLD: rainfall and duration are contextual, not a verified road-specific causal pairing.",false,[],Citywide incidents,114,Kanpur,Sundar Nagar (Pandu River drainage backwater),2026-09-27,UNKNOWN,No local total in cited report; Pandu River backwater reported,UNKNOWN,Waterlogging in Panki as high river level obstructed rainwater discharge; exact street and pavement type UNKNOWN.,Source explicitly names this location. Rainfall and depth are road-specific only if the cited report says so.,NO
HIST-LOC-0115,EVT-3af70b745ad6,Citywide incidents!A115:J115,,,Hero Honda Chowk / NH-8,NOT_ASSESSED,Gurugram,,,,2016-07-28,2016-07-29,2016-07-28 to 2016-07-29,,UNKNOWN,Published rain totals differ; see Rainfall context,false,,UNKNOWN,Repeated spells; disruption into next day,,Knee-deep water on NH-8 near Hero Honda Chowk; severe traffic disruption.,EVENT_CONTEXT,Source explicitly names this location. Rainfall and depth are road-specific only if the cited report says so.,Hindustan Times,https://www.hindustantimes.com/gurgaon/traffic-mess-blame-game-prohibitory-orders-all-about-gurgaon-s-waterlogging-woes/story-PcNH0xdWYQECGbVR1Udb7K.html,REQUIRES_REVIEW,,UNKNOWN,INSUFFICIENT EVIDENCE FOR THRESHOLD,"INSUFFICIENT EVIDENCE FOR THRESHOLD: rainfall and duration are contextual, not a verified road-specific causal pairing.",true,"[""CONFLICTING_PUBLISHED_RAINFALL_CONTEXT""]",Citywide incidents,115,Gurugram,Hero Honda Chowk / NH-8,2016-07-28 to 2016-07-29,UNKNOWN,Published rain totals differ; see Rainfall context,Repeated spells; disruption into next day,Knee-deep water on NH-8 near Hero Honda Chowk; severe traffic disruption.,Source explicitly names this location. Rainfall and depth are road-specific only if the cited report says so.,YES — Hero Honda Chowk
HIST-LOC-0116,EVT-ca47ce8b1d91,Citywide incidents!A116:J116,,,Hero Honda Chowk underpass,NOT_ASSESSED,Gurugram,,,2018-08-28,,,2018-08-28,128,CITY_TOTAL,Gurugram city rainfall associated with event,false,,UNKNOWN,UNKNOWN,,Hero Honda Chowk underpass remained submerged for more than 24 hours.,EVENT_CONTEXT,Direct article check (2026-10-09): confirms the Hero Honda Chowk underpass was closed and remained submerged after the 2018-08-28 waterlogging event. The article associates the event with 128 mm of rainfall but gives no continuous rainfall duration or underpass-specific gauge measurement.,The Indian Express,https://indianexpress.com/article/cities/delhi/gurgaon-hero-honda-chowk-underpass-opened-still-submerged-delhi-rains-5331735/,VERIFIED,,UNKNOWN,INSUFFICIENT EVIDENCE FOR THRESHOLD,"INSUFFICIENT EVIDENCE FOR THRESHOLD: rainfall and duration are contextual, not a verified road-specific causal pairing.",true,[],Citywide incidents,116,Gurugram,Hero Honda Chowk underpass,2018-08-28,128,Gurugram city rainfall associated with event,UNKNOWN,Hero Honda Chowk underpass remained submerged for more than 24 hours.,Source explicitly names this location. Rainfall and depth are road-specific only if the cited report says so.,YES — Hero Honda Chowk
HIST-LOC-0117,EVT-f88567b13d39,Citywide incidents!A117:J117,,,Narsinghpur,NOT_ASSESSED,Gurugram,,,2022-05-23,,,2022-05-23,,UNKNOWN,No rainfall amount in cited report,false,,UNKNOWN,Cited article does not report duration; workbook note was: About 2 hours (area-wide report),,Waterlogging and major traffic delays; depth UNKNOWN per location.,EVENT_CONTEXT,Source explicitly names this location. Rainfall and depth are road-specific only if the cited report says so.,India Today,https://www.indiatoday.in/cities/gurugram/story/gurugram-news-traffic-jam-heavy-downpour-waterlogging-1953011-2022-05-23,REQUIRES_REVIEW,,UNKNOWN,INSUFFICIENT EVIDENCE FOR THRESHOLD,"INSUFFICIENT EVIDENCE FOR THRESHOLD: rainfall and duration are contextual, not a verified road-specific causal pairing.",false,[],Citywide incidents,117,Gurugram,Narsinghpur,2022-05-23,UNKNOWN,No rainfall amount in cited report,About 2 hours (area-wide report),Waterlogging and major traffic delays; depth UNKNOWN per location.,Source explicitly names this location. Rainfall and depth are road-specific only if the cited report says so.,NO
HIST-LOC-0118,EVT-f88567b13d39,Citywide incidents!A118:J118,,,Jharsa Crossing,NOT_ASSESSED,Gurugram,,,2022-05-23,,,2022-05-23,,UNKNOWN,No rainfall amount in cited report,false,,UNKNOWN,Cited article does not report duration; workbook note was: About 2 hours (area-wide report),,Waterlogging and major traffic delays; depth UNKNOWN per location.,EVENT_CONTEXT,Source explicitly names this location. Rainfall and depth are road-specific only if the cited report says so.,India Today,https://www.indiatoday.in/cities/gurugram/story/gurugram-news-traffic-jam-heavy-downpour-waterlogging-1953011-2022-05-23,REQUIRES_REVIEW,,UNKNOWN,INSUFFICIENT EVIDENCE FOR THRESHOLD,"INSUFFICIENT EVIDENCE FOR THRESHOLD: rainfall and duration are contextual, not a verified road-specific causal pairing.",false,[],Citywide incidents,118,Gurugram,Jharsa Crossing,2022-05-23,UNKNOWN,No rainfall amount in cited report,About 2 hours (area-wide report),Waterlogging and major traffic delays; depth UNKNOWN per location.,Source explicitly names this location. Rainfall and depth are road-specific only if the cited report says so.,NO
HIST-LOC-0119,EVT-f88567b13d39,Citywide incidents!A119:J119,,,Sector 29,NOT_ASSESSED,Gurugram,,,2022-05-23,,,2022-05-23,,UNKNOWN,No rainfall amount in cited report,false,,UNKNOWN,Cited article does not report duration; workbook note was: About 2 hours (area-wide report),,Waterlogging and major traffic delays; depth UNKNOWN per location.,EVENT_CONTEXT,Source explicitly names this location. Rainfall and depth are road-specific only if the cited report says so.,India Today,https://www.indiatoday.in/cities/gurugram/story/gurugram-news-traffic-jam-heavy-downpour-waterlogging-1953011-2022-05-23,REQUIRES_REVIEW,,UNKNOWN,INSUFFICIENT EVIDENCE FOR THRESHOLD,"INSUFFICIENT EVIDENCE FOR THRESHOLD: rainfall and duration are contextual, not a verified road-specific causal pairing.",false,[],Citywide incidents,119,Gurugram,Sector 29,2022-05-23,UNKNOWN,No rainfall amount in cited report,About 2 hours (area-wide report),Waterlogging and major traffic delays; depth UNKNOWN per location.,Source explicitly names this location. Rainfall and depth are road-specific only if the cited report says so.,NO
HIST-LOC-0120,EVT-f88567b13d39,Citywide incidents!A120:J120,,,Sector 38,NOT_ASSESSED,Gurugram,,,2022-05-23,,,2022-05-23,,UNKNOWN,No rainfall amount in cited report,false,,UNKNOWN,Cited article does not report duration; workbook note was: About 2 hours (area-wide report),,Waterlogging and major traffic delays; depth UNKNOWN per location.,EVENT_CONTEXT,Source explicitly names this location. Rainfall and depth are road-specific only if the cited report says so.,India Today,https://www.indiatoday.in/cities/gurugram/story/gurugram-news-traffic-jam-heavy-downpour-waterlogging-1953011-2022-05-23,REQUIRES_REVIEW,,UNKNOWN,INSUFFICIENT EVIDENCE FOR THRESHOLD,"INSUFFICIENT EVIDENCE FOR THRESHOLD: rainfall and duration are contextual, not a verified road-specific causal pairing.",false,[],Citywide incidents,120,Gurugram,Sector 38,2022-05-23,UNKNOWN,No rainfall amount in cited report,About 2 hours (area-wide report),Waterlogging and major traffic delays; depth UNKNOWN per location.,Source explicitly names this location. Rainfall and depth are road-specific only if the cited report says so.,NO
HIST-LOC-0121,EVT-f88567b13d39,Citywide incidents!A121:J121,,,Sector 50,NOT_ASSESSED,Gurugram,,,2022-05-23,,,2022-05-23,,UNKNOWN,No rainfall amount in cited report,false,,UNKNOWN,Cited article does not report duration; workbook note was: About 2 hours (area-wide report),,Waterlogging and major traffic delays; depth UNKNOWN per location.,EVENT_CONTEXT,Source explicitly names this location. Rainfall and depth are road-specific only if the cited report says so.,India Today,https://www.indiatoday.in/cities/gurugram/story/gurugram-news-traffic-jam-heavy-downpour-waterlogging-1953011-2022-05-23,REQUIRES_REVIEW,,UNKNOWN,INSUFFICIENT EVIDENCE FOR THRESHOLD,"INSUFFICIENT EVIDENCE FOR THRESHOLD: rainfall and duration are contextual, not a verified road-specific causal pairing.",false,[],Citywide incidents,121,Gurugram,Sector 50,2022-05-23,UNKNOWN,No rainfall amount in cited report,About 2 hours (area-wide report),Waterlogging and major traffic delays; depth UNKNOWN per location.,Source explicitly names this location. Rainfall and depth are road-specific only if the cited report says so.,NO
HIST-LOC-0122,EVT-f88567b13d39,Citywide incidents!A122:J122,,,Sector 52,NOT_ASSESSED,Gurugram,,,2022-05-23,,,2022-05-23,,UNKNOWN,No rainfall amount in cited report,false,,UNKNOWN,Cited article does not report duration; workbook note was: About 2 hours (area-wide report),,Waterlogging and major traffic delays; depth UNKNOWN per location.,EVENT_CONTEXT,Source explicitly names this location. Rainfall and depth are road-specific only if the cited report says so.,India Today,https://www.indiatoday.in/cities/gurugram/story/gurugram-news-traffic-jam-heavy-downpour-waterlogging-1953011-2022-05-23,REQUIRES_REVIEW,,UNKNOWN,INSUFFICIENT EVIDENCE FOR THRESHOLD,"INSUFFICIENT EVIDENCE FOR THRESHOLD: rainfall and duration are contextual, not a verified road-specific causal pairing.",false,[],Citywide incidents,122,Gurugram,Sector 52,2022-05-23,UNKNOWN,No rainfall amount in cited report,About 2 hours (area-wide report),Waterlogging and major traffic delays; depth UNKNOWN per location.,Source explicitly names this location. Rainfall and depth are road-specific only if the cited report says so.,NO
HIST-LOC-0123,EVT-f88567b13d39,Citywide incidents!A123:J123,,,Rajiv Chowk,NOT_ASSESSED,Gurugram,,,2022-05-23,,,2022-05-23,,UNKNOWN,No rainfall amount in cited report,false,,UNKNOWN,Cited article does not report duration; workbook note was: About 2 hours (area-wide report),,Waterlogging and major traffic delays; depth UNKNOWN per location.,EVENT_CONTEXT,Direct article check (2026-10-09): confirms Rajeev Chowk was among Gurugram areas affected by waterlogging on 2022-05-23. The cited article gives no rainfall amount or duration. The workbook's approximately two-hour value was not confirmed and is therefore null in the normalized duration field.,India Today,https://www.indiatoday.in/cities/gurugram/story/gurugram-news-traffic-jam-heavy-downpour-waterlogging-1953011-2022-05-23,VERIFIED,,UNKNOWN,INSUFFICIENT EVIDENCE FOR THRESHOLD,"INSUFFICIENT EVIDENCE FOR THRESHOLD: rainfall and duration are contextual, not a verified road-specific causal pairing.",true,[],Citywide incidents,123,Gurugram,Rajiv Chowk,2022-05-23,UNKNOWN,No rainfall amount in cited report,About 2 hours (area-wide report),Waterlogging and major traffic delays; depth UNKNOWN per location.,Source explicitly names this location. Rainfall and depth are road-specific only if the cited report says so.,YES — Rajiv Chowk
HIST-LOC-0124,EVT-f88567b13d39,Citywide incidents!A124:J124,,,Civil Lines,NOT_ASSESSED,Gurugram,,,2022-05-23,,,2022-05-23,,UNKNOWN,No rainfall amount in cited report,false,,UNKNOWN,Cited article does not report duration; workbook note was: About 2 hours (area-wide report),,Waterlogging and major traffic delays; depth UNKNOWN per location.,EVENT_CONTEXT,Source explicitly names this location. Rainfall and depth are road-specific only if the cited report says so.,India Today,https://www.indiatoday.in/cities/gurugram/story/gurugram-news-traffic-jam-heavy-downpour-waterlogging-1953011-2022-05-23,REQUIRES_REVIEW,,UNKNOWN,INSUFFICIENT EVIDENCE FOR THRESHOLD,"INSUFFICIENT EVIDENCE FOR THRESHOLD: rainfall and duration are contextual, not a verified road-specific causal pairing.",false,[],Citywide incidents,124,Gurugram,Civil Lines,2022-05-23,UNKNOWN,No rainfall amount in cited report,About 2 hours (area-wide report),Waterlogging and major traffic delays; depth UNKNOWN per location.,Source explicitly names this location. Rainfall and depth are road-specific only if the cited report says so.,NO
HIST-LOC-0125,EVT-f88567b13d39,Citywide incidents!A125:J125,,,Golf Course Extension Road,NOT_ASSESSED,Gurugram,,,2022-05-23,,,2022-05-23,,UNKNOWN,No rainfall amount in cited report,false,,UNKNOWN,Cited article does not report duration; workbook note was: About 2 hours (area-wide report),,Waterlogging and major traffic delays; depth UNKNOWN per location.,EVENT_CONTEXT,Source explicitly names this location. Rainfall and depth are road-specific only if the cited report says so.,India Today,https://www.indiatoday.in/cities/gurugram/story/gurugram-news-traffic-jam-heavy-downpour-waterlogging-1953011-2022-05-23,REQUIRES_REVIEW,,UNKNOWN,INSUFFICIENT EVIDENCE FOR THRESHOLD,"INSUFFICIENT EVIDENCE FOR THRESHOLD: rainfall and duration are contextual, not a verified road-specific causal pairing.",false,[],Citywide incidents,125,Gurugram,Golf Course Extension Road,2022-05-23,UNKNOWN,No rainfall amount in cited report,About 2 hours (area-wide report),Waterlogging and major traffic delays; depth UNKNOWN per location.,Source explicitly names this location. Rainfall and depth are road-specific only if the cited report says so.,NO
HIST-LOC-0126,EVT-f88567b13d39,Citywide incidents!A126:J126,,,Vatika Chowk,NOT_ASSESSED,Gurugram,,,2022-05-23,,,2022-05-23,,UNKNOWN,No rainfall amount in cited report,false,,UNKNOWN,Cited article does not report duration; workbook note was: About 2 hours (area-wide report),,Waterlogging and major traffic delays; depth UNKNOWN per location.,EVENT_CONTEXT,Source explicitly names this location. Rainfall and depth are road-specific only if the cited report says so.,India Today,https://www.indiatoday.in/cities/gurugram/story/gurugram-news-traffic-jam-heavy-downpour-waterlogging-1953011-2022-05-23,REQUIRES_REVIEW,,UNKNOWN,INSUFFICIENT EVIDENCE FOR THRESHOLD,"INSUFFICIENT EVIDENCE FOR THRESHOLD: rainfall and duration are contextual, not a verified road-specific causal pairing.",false,[],Citywide incidents,126,Gurugram,Vatika Chowk,2022-05-23,UNKNOWN,No rainfall amount in cited report,About 2 hours (area-wide report),Waterlogging and major traffic delays; depth UNKNOWN per location.,Source explicitly names this location. Rainfall and depth are road-specific only if the cited report says so.,NO
HIST-LOC-0127,EVT-f88567b13d39,Citywide incidents!A127:J127,,,Daultabad Flyover,NOT_ASSESSED,Gurugram,,,2022-05-23,,,2022-05-23,,UNKNOWN,No rainfall amount in cited report,false,,UNKNOWN,Cited article does not report duration; workbook note was: About 2 hours (area-wide report),,Waterlogging and major traffic delays; depth UNKNOWN per location.,EVENT_CONTEXT,Source explicitly names this location. Rainfall and depth are road-specific only if the cited report says so.,India Today,https://www.indiatoday.in/cities/gurugram/story/gurugram-news-traffic-jam-heavy-downpour-waterlogging-1953011-2022-05-23,REQUIRES_REVIEW,,UNKNOWN,INSUFFICIENT EVIDENCE FOR THRESHOLD,"INSUFFICIENT EVIDENCE FOR THRESHOLD: rainfall and duration are contextual, not a verified road-specific causal pairing.",false,[],Citywide incidents,127,Gurugram,Daultabad Flyover,2022-05-23,UNKNOWN,No rainfall amount in cited report,About 2 hours (area-wide report),Waterlogging and major traffic delays; depth UNKNOWN per location.,Source explicitly names this location. Rainfall and depth are road-specific only if the cited report says so.,NO
HIST-LOC-0128,EVT-f88567b13d39,Citywide incidents!A128:J128,,,Mayfield Garden,NOT_ASSESSED,Gurugram,,,2022-05-23,,,2022-05-23,,UNKNOWN,No rainfall amount in cited report,false,,UNKNOWN,Cited article does not report duration; workbook note was: About 2 hours (area-wide report),,Waterlogging and major traffic delays; depth UNKNOWN per location.,EVENT_CONTEXT,Source explicitly names this location. Rainfall and depth are road-specific only if the cited report says so.,India Today,https://www.indiatoday.in/cities/gurugram/story/gurugram-news-traffic-jam-heavy-downpour-waterlogging-1953011-2022-05-23,REQUIRES_REVIEW,,UNKNOWN,INSUFFICIENT EVIDENCE FOR THRESHOLD,"INSUFFICIENT EVIDENCE FOR THRESHOLD: rainfall and duration are contextual, not a verified road-specific causal pairing.",false,[],Citywide incidents,128,Gurugram,Mayfield Garden,2022-05-23,UNKNOWN,No rainfall amount in cited report,About 2 hours (area-wide report),Waterlogging and major traffic delays; depth UNKNOWN per location.,Source explicitly names this location. Rainfall and depth are road-specific only if the cited report says so.,NO
HIST-LOC-0129,EVT-f88567b13d39,Citywide incidents!A129:J129,,,Signature Tower,NOT_ASSESSED,Gurugram,,,2022-05-23,,,2022-05-23,,UNKNOWN,No rainfall amount in cited report,false,,UNKNOWN,Cited article does not report duration; workbook note was: About 2 hours (area-wide report),,Waterlogging and major traffic delays; depth UNKNOWN per location.,EVENT_CONTEXT,Source explicitly names this location. Rainfall and depth are road-specific only if the cited report says so.,India Today,https://www.indiatoday.in/cities/gurugram/story/gurugram-news-traffic-jam-heavy-downpour-waterlogging-1953011-2022-05-23,REQUIRES_REVIEW,,UNKNOWN,INSUFFICIENT EVIDENCE FOR THRESHOLD,"INSUFFICIENT EVIDENCE FOR THRESHOLD: rainfall and duration are contextual, not a verified road-specific causal pairing.",false,[],Citywide incidents,129,Gurugram,Signature Tower,2022-05-23,UNKNOWN,No rainfall amount in cited report,About 2 hours (area-wide report),Waterlogging and major traffic delays; depth UNKNOWN per location.,Source explicitly names this location. Rainfall and depth are road-specific only if the cited report says so.,NO
HIST-LOC-0130,EVT-f88567b13d39,Citywide incidents!A130:J130,,,Atul Kataria Chowk,NOT_ASSESSED,Gurugram,,,2022-05-23,,,2022-05-23,,UNKNOWN,No rainfall amount in cited report,false,,UNKNOWN,Cited article does not report duration; workbook note was: About 2 hours (area-wide report),,Waterlogging and major traffic delays; depth UNKNOWN per location.,EVENT_CONTEXT,Source explicitly names this location. Rainfall and depth are road-specific only if the cited report says so.,India Today,https://www.indiatoday.in/cities/gurugram/story/gurugram-news-traffic-jam-heavy-downpour-waterlogging-1953011-2022-05-23,REQUIRES_REVIEW,,UNKNOWN,INSUFFICIENT EVIDENCE FOR THRESHOLD,"INSUFFICIENT EVIDENCE FOR THRESHOLD: rainfall and duration are contextual, not a verified road-specific causal pairing.",false,[],Citywide incidents,130,Gurugram,Atul Kataria Chowk,2022-05-23,UNKNOWN,No rainfall amount in cited report,About 2 hours (area-wide report),Waterlogging and major traffic delays; depth UNKNOWN per location.,Source explicitly names this location. Rainfall and depth are road-specific only if the cited report says so.,NO
HIST-LOC-0131,EVT-4a28efa10368,Citywide incidents!A131:J131,,,Golf Course Road,NOT_ASSESSED,Gurugram,,,2022-08-07,,,2022-08-07,19,CITY_TOTAL,City total by 17:00,false,120,AT_LEAST,Over 2 hours Sunday morning; some water receded in 1–2 hours,,Knee-high at some low-lying points; not assignable to every named road.,EVENT_CONTEXT,"Direct article check (2026-10-09): confirms waterlogging at Golf Course Road during the 2022-08-07 Gurugram event. The report says rain lasted over two hours and gives 19 mm for Gurgaon by 5 pm; the rainfall figure is city/event context, not a road measurement. Knee-high depth applied only to some low-lying points, not specifically this road.",The Indian Express,https://indianexpress.com/article/cities/delhi/gurgaon-rain-waterlogging-several-areas-8076161/,VERIFIED,,UNKNOWN,INSUFFICIENT EVIDENCE FOR THRESHOLD,"INSUFFICIENT EVIDENCE FOR THRESHOLD: rainfall and duration are contextual, not a verified road-specific causal pairing.",true,[],Citywide incidents,131,Gurugram,Golf Course Road,2022-08-07,19,City total by 17:00,Over 2 hours Sunday morning; some water receded in 1–2 hours,Knee-high at some low-lying points; not assignable to every named road.,Source explicitly names this location. Rainfall and depth are road-specific only if the cited report says so.,YES — Golf Course Road
HIST-LOC-0132,EVT-4a28efa10368,Citywide incidents!A132:J132,,,Rajiv Chowk,NOT_ASSESSED,Gurugram,,,2022-08-07,,,2022-08-07,19,CITY_TOTAL,City total by 17:00,false,120,AT_LEAST,Over 2 hours Sunday morning; some water receded in 1–2 hours,,Knee-high at some low-lying points; not assignable to every named road.,EVENT_CONTEXT,Source explicitly names this location. Rainfall and depth are road-specific only if the cited report says so.,The Indian Express,https://indianexpress.com/article/cities/delhi/gurgaon-rain-waterlogging-several-areas-8076161/,REQUIRES_REVIEW,,UNKNOWN,INSUFFICIENT EVIDENCE FOR THRESHOLD,"INSUFFICIENT EVIDENCE FOR THRESHOLD: rainfall and duration are contextual, not a verified road-specific causal pairing.",true,[],Citywide incidents,132,Gurugram,Rajiv Chowk,2022-08-07,19,City total by 17:00,Over 2 hours Sunday morning; some water receded in 1–2 hours,Knee-high at some low-lying points; not assignable to every named road.,Source explicitly names this location. Rainfall and depth are road-specific only if the cited report says so.,YES — Rajiv Chowk
HIST-LOC-0133,EVT-4a28efa10368,Citywide incidents!A133:J133,,,IFFCO Chowk,NOT_ASSESSED,Gurugram,,,2022-08-07,,,2022-08-07,19,CITY_TOTAL,City total by 17:00,false,120,AT_LEAST,Over 2 hours Sunday morning; some water receded in 1–2 hours,,Knee-high at some low-lying points; not assignable to every named road.,EVENT_CONTEXT,Source explicitly names this location. Rainfall and depth are road-specific only if the cited report says so.,The Indian Express,https://indianexpress.com/article/cities/delhi/gurgaon-rain-waterlogging-several-areas-8076161/,REQUIRES_REVIEW,,UNKNOWN,INSUFFICIENT EVIDENCE FOR THRESHOLD,"INSUFFICIENT EVIDENCE FOR THRESHOLD: rainfall and duration are contextual, not a verified road-specific causal pairing.",false,[],Citywide incidents,133,Gurugram,IFFCO Chowk,2022-08-07,19,City total by 17:00,Over 2 hours Sunday morning; some water receded in 1–2 hours,Knee-high at some low-lying points; not assignable to every named road.,Source explicitly names this location. Rainfall and depth are road-specific only if the cited report says so.,NO
HIST-LOC-0134,EVT-4a28efa10368,Citywide incidents!A134:J134,,,MDI Chowk,NOT_ASSESSED,Gurugram,,,2022-08-07,,,2022-08-07,19,CITY_TOTAL,City total by 17:00,false,120,AT_LEAST,Over 2 hours Sunday morning; some water receded in 1–2 hours,,Knee-high at some low-lying points; not assignable to every named road.,EVENT_CONTEXT,Source explicitly names this location. Rainfall and depth are road-specific only if the cited report says so.,The Indian Express,https://indianexpress.com/article/cities/delhi/gurgaon-rain-waterlogging-several-areas-8076161/,REQUIRES_REVIEW,,UNKNOWN,INSUFFICIENT EVIDENCE FOR THRESHOLD,"INSUFFICIENT EVIDENCE FOR THRESHOLD: rainfall and duration are contextual, not a verified road-specific causal pairing.",false,[],Citywide incidents,134,Gurugram,MDI Chowk,2022-08-07,19,City total by 17:00,Over 2 hours Sunday morning; some water receded in 1–2 hours,Knee-high at some low-lying points; not assignable to every named road.,Source explicitly names this location. Rainfall and depth are road-specific only if the cited report says so.,NO
HIST-LOC-0135,EVT-4a28efa10368,Citywide incidents!A135:J135,,,MG Road,NOT_ASSESSED,Gurugram,,,2022-08-07,,,2022-08-07,19,CITY_TOTAL,City total by 17:00,false,120,AT_LEAST,Over 2 hours Sunday morning; some water receded in 1–2 hours,,Knee-high at some low-lying points; not assignable to every named road.,EVENT_CONTEXT,Source explicitly names this location. Rainfall and depth are road-specific only if the cited report says so.,The Indian Express,https://indianexpress.com/article/cities/delhi/gurgaon-rain-waterlogging-several-areas-8076161/,REQUIRES_REVIEW,,UNKNOWN,INSUFFICIENT EVIDENCE FOR THRESHOLD,"INSUFFICIENT EVIDENCE FOR THRESHOLD: rainfall and duration are contextual, not a verified road-specific causal pairing.",false,[],Citywide incidents,135,Gurugram,MG Road,2022-08-07,19,City total by 17:00,Over 2 hours Sunday morning; some water receded in 1–2 hours,Knee-high at some low-lying points; not assignable to every named road.,Source explicitly names this location. Rainfall and depth are road-specific only if the cited report says so.,NO
HIST-LOC-0136,EVT-4a28efa10368,Citywide incidents!A136:J136,,,Signature Tower,NOT_ASSESSED,Gurugram,,,2022-08-07,,,2022-08-07,19,CITY_TOTAL,City total by 17:00,false,120,AT_LEAST,Over 2 hours Sunday morning; some water receded in 1–2 hours,,Knee-high at some low-lying points; not assignable to every named road.,EVENT_CONTEXT,Source explicitly names this location. Rainfall and depth are road-specific only if the cited report says so.,The Indian Express,https://indianexpress.com/article/cities/delhi/gurgaon-rain-waterlogging-several-areas-8076161/,REQUIRES_REVIEW,,UNKNOWN,INSUFFICIENT EVIDENCE FOR THRESHOLD,"INSUFFICIENT EVIDENCE FOR THRESHOLD: rainfall and duration are contextual, not a verified road-specific causal pairing.",false,[],Citywide incidents,136,Gurugram,Signature Tower,2022-08-07,19,City total by 17:00,Over 2 hours Sunday morning; some water receded in 1–2 hours,Knee-high at some low-lying points; not assignable to every named road.,Source explicitly names this location. Rainfall and depth are road-specific only if the cited report says so.,NO
HIST-LOC-0137,EVT-4a28efa10368,Citywide incidents!A137:J137,,,Basai,NOT_ASSESSED,Gurugram,,,2022-08-07,,,2022-08-07,19,CITY_TOTAL,City total by 17:00,false,120,AT_LEAST,Over 2 hours Sunday morning; some water receded in 1–2 hours,,Knee-high at some low-lying points; not assignable to every named road.,EVENT_CONTEXT,Source explicitly names this location. Rainfall and depth are road-specific only if the cited report says so.,The Indian Express,https://indianexpress.com/article/cities/delhi/gurgaon-rain-waterlogging-several-areas-8076161/,REQUIRES_REVIEW,,UNKNOWN,INSUFFICIENT EVIDENCE FOR THRESHOLD,"INSUFFICIENT EVIDENCE FOR THRESHOLD: rainfall and duration are contextual, not a verified road-specific causal pairing.",false,[],Citywide incidents,137,Gurugram,Basai,2022-08-07,19,City total by 17:00,Over 2 hours Sunday morning; some water receded in 1–2 hours,Knee-high at some low-lying points; not assignable to every named road.,Source explicitly names this location. Rainfall and depth are road-specific only if the cited report says so.,NO
HIST-LOC-0138,EVT-4a28efa10368,Citywide incidents!A138:J138,,,Subhash Chowk,NOT_ASSESSED,Gurugram,,,2022-08-07,,,2022-08-07,19,CITY_TOTAL,City total by 17:00,false,120,AT_LEAST,Over 2 hours Sunday morning; some water receded in 1–2 hours,,Knee-high at some low-lying points; not assignable to every named road.,EVENT_CONTEXT,Source explicitly names this location. Rainfall and depth are road-specific only if the cited report says so.,The Indian Express,https://indianexpress.com/article/cities/delhi/gurgaon-rain-waterlogging-several-areas-8076161/,REQUIRES_REVIEW,,UNKNOWN,INSUFFICIENT EVIDENCE FOR THRESHOLD,"INSUFFICIENT EVIDENCE FOR THRESHOLD: rainfall and duration are contextual, not a verified road-specific causal pairing.",false,[],Citywide incidents,138,Gurugram,Subhash Chowk,2022-08-07,19,City total by 17:00,Over 2 hours Sunday morning; some water receded in 1–2 hours,Knee-high at some low-lying points; not assignable to every named road.,Source explicitly names this location. Rainfall and depth are road-specific only if the cited report says so.,NO
HIST-LOC-0139,EVT-4a28efa10368,Citywide incidents!A139:J139,,,HUDA City Centre Metro,NOT_ASSESSED,Gurugram,,,2022-08-07,,,2022-08-07,19,CITY_TOTAL,City total by 17:00,false,120,AT_LEAST,Over 2 hours Sunday morning; some water receded in 1–2 hours,,Knee-high at some low-lying points; not assignable to every named road.,EVENT_CONTEXT,Source explicitly names this location. Rainfall and depth are road-specific only if the cited report says so.,The Indian Express,https://indianexpress.com/article/cities/delhi/gurgaon-rain-waterlogging-several-areas-8076161/,REQUIRES_REVIEW,,UNKNOWN,INSUFFICIENT EVIDENCE FOR THRESHOLD,"INSUFFICIENT EVIDENCE FOR THRESHOLD: rainfall and duration are contextual, not a verified road-specific causal pairing.",false,[],Citywide incidents,139,Gurugram,HUDA City Centre Metro,2022-08-07,19,City total by 17:00,Over 2 hours Sunday morning; some water receded in 1–2 hours,Knee-high at some low-lying points; not assignable to every named road.,Source explicitly names this location. Rainfall and depth are road-specific only if the cited report says so.,NO
HIST-LOC-0140,EVT-4a28efa10368,Citywide incidents!A140:J140,,,Manesar bus stand,NOT_ASSESSED,Gurugram,,,2022-08-07,,,2022-08-07,19,CITY_TOTAL,City total by 17:00,false,120,AT_LEAST,Over 2 hours Sunday morning; some water receded in 1–2 hours,,Knee-high at some low-lying points; not assignable to every named road.,EVENT_CONTEXT,Source explicitly names this location. Rainfall and depth are road-specific only if the cited report says so.,The Indian Express,https://indianexpress.com/article/cities/delhi/gurgaon-rain-waterlogging-several-areas-8076161/,REQUIRES_REVIEW,,UNKNOWN,INSUFFICIENT EVIDENCE FOR THRESHOLD,"INSUFFICIENT EVIDENCE FOR THRESHOLD: rainfall and duration are contextual, not a verified road-specific causal pairing.",false,[],Citywide incidents,140,Gurugram,Manesar bus stand,2022-08-07,19,City total by 17:00,Over 2 hours Sunday morning; some water receded in 1–2 hours,Knee-high at some low-lying points; not assignable to every named road.,Source explicitly names this location. Rainfall and depth are road-specific only if the cited report says so.,NO
HIST-LOC-0141,EVT-4a28efa10368,Citywide incidents!A141:J141,,,Hanuman Chowk,NOT_ASSESSED,Gurugram,,,2022-08-07,,,2022-08-07,19,CITY_TOTAL,City total by 17:00,false,120,AT_LEAST,Over 2 hours Sunday morning; some water receded in 1–2 hours,,Knee-high at some low-lying points; not assignable to every named road.,EVENT_CONTEXT,Source explicitly names this location. Rainfall and depth are road-specific only if the cited report says so.,The Indian Express,https://indianexpress.com/article/cities/delhi/gurgaon-rain-waterlogging-several-areas-8076161/,REQUIRES_REVIEW,,UNKNOWN,INSUFFICIENT EVIDENCE FOR THRESHOLD,"INSUFFICIENT EVIDENCE FOR THRESHOLD: rainfall and duration are contextual, not a verified road-specific causal pairing.",false,[],Citywide incidents,141,Gurugram,Hanuman Chowk,2022-08-07,19,City total by 17:00,Over 2 hours Sunday morning; some water receded in 1–2 hours,Knee-high at some low-lying points; not assignable to every named road.,Source explicitly names this location. Rainfall and depth are road-specific only if the cited report says so.,NO
HIST-LOC-0142,EVT-4a28efa10368,Citywide incidents!A142:J142,,,Sector 4/5 Chowk,NOT_ASSESSED,Gurugram,,,2022-08-07,,,2022-08-07,19,CITY_TOTAL,City total by 17:00,false,120,AT_LEAST,Over 2 hours Sunday morning; some water receded in 1–2 hours,,Knee-high at some low-lying points; not assignable to every named road.,EVENT_CONTEXT,Source explicitly names this location. Rainfall and depth are road-specific only if the cited report says so.,The Indian Express,https://indianexpress.com/article/cities/delhi/gurgaon-rain-waterlogging-several-areas-8076161/,REQUIRES_REVIEW,,UNKNOWN,INSUFFICIENT EVIDENCE FOR THRESHOLD,"INSUFFICIENT EVIDENCE FOR THRESHOLD: rainfall and duration are contextual, not a verified road-specific causal pairing.",false,[],Citywide incidents,142,Gurugram,Sector 4/5 Chowk,2022-08-07,19,City total by 17:00,Over 2 hours Sunday morning; some water receded in 1–2 hours,Knee-high at some low-lying points; not assignable to every named road.,Source explicitly names this location. Rainfall and depth are road-specific only if the cited report says so.,NO
HIST-LOC-0143,EVT-4a28efa10368,Citywide incidents!A143:J143,,,Krishna Chowk,NOT_ASSESSED,Gurugram,,,2022-08-07,,,2022-08-07,19,CITY_TOTAL,City total by 17:00,false,120,AT_LEAST,Over 2 hours Sunday morning; some water receded in 1–2 hours,,Knee-high at some low-lying points; not assignable to every named road.,EVENT_CONTEXT,Source explicitly names this location. Rainfall and depth are road-specific only if the cited report says so.,The Indian Express,https://indianexpress.com/article/cities/delhi/gurgaon-rain-waterlogging-several-areas-8076161/,REQUIRES_REVIEW,,UNKNOWN,INSUFFICIENT EVIDENCE FOR THRESHOLD,"INSUFFICIENT EVIDENCE FOR THRESHOLD: rainfall and duration are contextual, not a verified road-specific causal pairing.",false,[],Citywide incidents,143,Gurugram,Krishna Chowk,2022-08-07,19,City total by 17:00,Over 2 hours Sunday morning; some water receded in 1–2 hours,Knee-high at some low-lying points; not assignable to every named road.,Source explicitly names this location. Rainfall and depth are road-specific only if the cited report says so.,NO
HIST-LOC-0144,EVT-4a28efa10368,Citywide incidents!A144:J144,,,Sector 21/22 Road,NOT_ASSESSED,Gurugram,,,2022-08-07,,,2022-08-07,19,CITY_TOTAL,City total by 17:00,false,120,AT_LEAST,Over 2 hours Sunday morning; some water receded in 1–2 hours,,Knee-high at some low-lying points; not assignable to every named road.,EVENT_CONTEXT,Source explicitly names this location. Rainfall and depth are road-specific only if the cited report says so.,The Indian Express,https://indianexpress.com/article/cities/delhi/gurgaon-rain-waterlogging-several-areas-8076161/,REQUIRES_REVIEW,,UNKNOWN,INSUFFICIENT EVIDENCE FOR THRESHOLD,"INSUFFICIENT EVIDENCE FOR THRESHOLD: rainfall and duration are contextual, not a verified road-specific causal pairing.",false,[],Citywide incidents,144,Gurugram,Sector 21/22 Road,2022-08-07,19,City total by 17:00,Over 2 hours Sunday morning; some water receded in 1–2 hours,Knee-high at some low-lying points; not assignable to every named road.,Source explicitly names this location. Rainfall and depth are road-specific only if the cited report says so.,NO
HIST-LOC-0145,EVT-4a28efa10368,Citywide incidents!A145:J145,,,Wazirabad traffic signal,NOT_ASSESSED,Gurugram,,,2022-08-07,,,2022-08-07,19,CITY_TOTAL,City total by 17:00,false,120,AT_LEAST,Over 2 hours Sunday morning; some water receded in 1–2 hours,,Knee-high at some low-lying points; not assignable to every named road.,EVENT_CONTEXT,Source explicitly names this location. Rainfall and depth are road-specific only if the cited report says so.,The Indian Express,https://indianexpress.com/article/cities/delhi/gurgaon-rain-waterlogging-several-areas-8076161/,REQUIRES_REVIEW,,UNKNOWN,INSUFFICIENT EVIDENCE FOR THRESHOLD,"INSUFFICIENT EVIDENCE FOR THRESHOLD: rainfall and duration are contextual, not a verified road-specific causal pairing.",false,[],Citywide incidents,145,Gurugram,Wazirabad traffic signal,2022-08-07,19,City total by 17:00,Over 2 hours Sunday morning; some water receded in 1–2 hours,Knee-high at some low-lying points; not assignable to every named road.,Source explicitly names this location. Rainfall and depth are road-specific only if the cited report says so.,NO
HIST-LOC-0146,EVT-4a28efa10368,Citywide incidents!A146:J146,,,AIT Chowk,NOT_ASSESSED,Gurugram,,,2022-08-07,,,2022-08-07,19,CITY_TOTAL,City total by 17:00,false,120,AT_LEAST,Over 2 hours Sunday morning; some water receded in 1–2 hours,,Knee-high at some low-lying points; not assignable to every named road.,EVENT_CONTEXT,Source explicitly names this location. Rainfall and depth are road-specific only if the cited report says so.,The Indian Express,https://indianexpress.com/article/cities/delhi/gurgaon-rain-waterlogging-several-areas-8076161/,REQUIRES_REVIEW,,UNKNOWN,INSUFFICIENT EVIDENCE FOR THRESHOLD,"INSUFFICIENT EVIDENCE FOR THRESHOLD: rainfall and duration are contextual, not a verified road-specific causal pairing.",false,[],Citywide incidents,146,Gurugram,AIT Chowk,2022-08-07,19,City total by 17:00,Over 2 hours Sunday morning; some water receded in 1–2 hours,Knee-high at some low-lying points; not assignable to every named road.,Source explicitly names this location. Rainfall and depth are road-specific only if the cited report says so.,NO
HIST-LOC-0147,EVT-4a28efa10368,Citywide incidents!A147:J147,,,Kanhai Chowk,NOT_ASSESSED,Gurugram,,,2022-08-07,,,2022-08-07,19,CITY_TOTAL,City total by 17:00,false,120,AT_LEAST,Over 2 hours Sunday morning; some water receded in 1–2 hours,,Knee-high at some low-lying points; not assignable to every named road.,EVENT_CONTEXT,Source explicitly names this location. Rainfall and depth are road-specific only if the cited report says so.,The Indian Express,https://indianexpress.com/article/cities/delhi/gurgaon-rain-waterlogging-several-areas-8076161/,REQUIRES_REVIEW,,UNKNOWN,INSUFFICIENT EVIDENCE FOR THRESHOLD,"INSUFFICIENT EVIDENCE FOR THRESHOLD: rainfall and duration are contextual, not a verified road-specific causal pairing.",false,[],Citywide incidents,147,Gurugram,Kanhai Chowk,2022-08-07,19,City total by 17:00,Over 2 hours Sunday morning; some water receded in 1–2 hours,Knee-high at some low-lying points; not assignable to every named road.,Source explicitly names this location. Rainfall and depth are road-specific only if the cited report says so.,NO
HIST-LOC-0148,EVT-4a28efa10368,Citywide incidents!A148:J148,,,Mayfield Garden Chowk,NOT_ASSESSED,Gurugram,,,2022-08-07,,,2022-08-07,19,CITY_TOTAL,City total by 17:00,false,120,AT_LEAST,Over 2 hours Sunday morning; some water receded in 1–2 hours,,Knee-high at some low-lying points; not assignable to every named road.,EVENT_CONTEXT,Source explicitly names this location. Rainfall and depth are road-specific only if the cited report says so.,The Indian Express,https://indianexpress.com/article/cities/delhi/gurgaon-rain-waterlogging-several-areas-8076161/,REQUIRES_REVIEW,,UNKNOWN,INSUFFICIENT EVIDENCE FOR THRESHOLD,"INSUFFICIENT EVIDENCE FOR THRESHOLD: rainfall and duration are contextual, not a verified road-specific causal pairing.",false,[],Citywide incidents,148,Gurugram,Mayfield Garden Chowk,2022-08-07,19,City total by 17:00,Over 2 hours Sunday morning; some water receded in 1–2 hours,Knee-high at some low-lying points; not assignable to every named road.,Source explicitly names this location. Rainfall and depth are road-specific only if the cited report says so.,NO
HIST-LOC-0149,EVT-4a28efa10368,Citywide incidents!A149:J149,,,Artemis Chowk,NOT_ASSESSED,Gurugram,,,2022-08-07,,,2022-08-07,19,CITY_TOTAL,City total by 17:00,false,120,AT_LEAST,Over 2 hours Sunday morning; some water receded in 1–2 hours,,Knee-high at some low-lying points; not assignable to every named road.,EVENT_CONTEXT,Source explicitly names this location. Rainfall and depth are road-specific only if the cited report says so.,The Indian Express,https://indianexpress.com/article/cities/delhi/gurgaon-rain-waterlogging-several-areas-8076161/,REQUIRES_REVIEW,,UNKNOWN,INSUFFICIENT EVIDENCE FOR THRESHOLD,"INSUFFICIENT EVIDENCE FOR THRESHOLD: rainfall and duration are contextual, not a verified road-specific causal pairing.",false,[],Citywide incidents,149,Gurugram,Artemis Chowk,2022-08-07,19,City total by 17:00,Over 2 hours Sunday morning; some water receded in 1–2 hours,Knee-high at some low-lying points; not assignable to every named road.,Source explicitly names this location. Rainfall and depth are road-specific only if the cited report says so.,NO
HIST-LOC-0150,EVT-4a28efa10368,Citywide incidents!A150:J150,,,Sheetla Mata Road,NOT_ASSESSED,Gurugram,,,2022-08-07,,,2022-08-07,19,CITY_TOTAL,City total by 17:00,false,120,AT_LEAST,Over 2 hours Sunday morning; some water receded in 1–2 hours,,Knee-high at some low-lying points; not assignable to every named road.,EVENT_CONTEXT,"Direct article check (2026-10-09): confirms waterlogging at Sheetla Mata Road during the 2022-08-07 Gurugram event. The report says rain lasted over two hours and gives 19 mm for Gurgaon by 5 pm; the rainfall figure is city/event context, not a road measurement. Knee-high depth applied only to some low-lying points, not specifically this road.",The Indian Express,https://indianexpress.com/article/cities/delhi/gurgaon-rain-waterlogging-several-areas-8076161/,VERIFIED,,UNKNOWN,INSUFFICIENT EVIDENCE FOR THRESHOLD,"INSUFFICIENT EVIDENCE FOR THRESHOLD: rainfall and duration are contextual, not a verified road-specific causal pairing.",true,[],Citywide incidents,150,Gurugram,Sheetla Mata Road,2022-08-07,19,City total by 17:00,Over 2 hours Sunday morning; some water receded in 1–2 hours,Knee-high at some low-lying points; not assignable to every named road.,Source explicitly names this location. Rainfall and depth are road-specific only if the cited report says so.,YES — Sheetla Mata Mandir / Road
HIST-LOC-0151,EVT-4a28efa10368,Citywide incidents!A151:J151,,,South City 1,NOT_ASSESSED,Gurugram,,,2022-08-07,,,2022-08-07,19,CITY_TOTAL,City total by 17:00,false,120,AT_LEAST,Over 2 hours Sunday morning; some water receded in 1–2 hours,,Knee-high at some low-lying points; not assignable to every named road.,EVENT_CONTEXT,Source explicitly names this location. Rainfall and depth are road-specific only if the cited report says so.,The Indian Express,https://indianexpress.com/article/cities/delhi/gurgaon-rain-waterlogging-several-areas-8076161/,REQUIRES_REVIEW,,UNKNOWN,INSUFFICIENT EVIDENCE FOR THRESHOLD,"INSUFFICIENT EVIDENCE FOR THRESHOLD: rainfall and duration are contextual, not a verified road-specific causal pairing.",false,[],Citywide incidents,151,Gurugram,South City 1,2022-08-07,19,City total by 17:00,Over 2 hours Sunday morning; some water receded in 1–2 hours,Knee-high at some low-lying points; not assignable to every named road.,Source explicitly names this location. Rainfall and depth are road-specific only if the cited report says so.,NO
HIST-LOC-0152,EVT-4a28efa10368,Citywide incidents!A152:J152,,,NH-48,NOT_ASSESSED,Gurugram,,,2022-08-07,,,2022-08-07,19,CITY_TOTAL,City total by 17:00,false,120,AT_LEAST,Over 2 hours Sunday morning; some water receded in 1–2 hours,,Knee-high at some low-lying points; not assignable to every named road.,EVENT_CONTEXT,Source explicitly names this location. Rainfall and depth are road-specific only if the cited report says so.,The Indian Express,https://indianexpress.com/article/cities/delhi/gurgaon-rain-waterlogging-several-areas-8076161/,REQUIRES_REVIEW,,UNKNOWN,INSUFFICIENT EVIDENCE FOR THRESHOLD,"INSUFFICIENT EVIDENCE FOR THRESHOLD: rainfall and duration are contextual, not a verified road-specific causal pairing.",false,[],Citywide incidents,152,Gurugram,NH-48,2022-08-07,19,City total by 17:00,Over 2 hours Sunday morning; some water receded in 1–2 hours,Knee-high at some low-lying points; not assignable to every named road.,Source explicitly names this location. Rainfall and depth are road-specific only if the cited report says so.,NO
HIST-LOC-0153,EVT-4a28efa10368,Citywide incidents!A153:J153,,,Sector 28,NOT_ASSESSED,Gurugram,,,2022-08-07,,,2022-08-07,19,CITY_TOTAL,City total by 17:00,false,120,AT_LEAST,Over 2 hours Sunday morning; some water receded in 1–2 hours,,Knee-high at some low-lying points; not assignable to every named road.,EVENT_CONTEXT,Source explicitly names this location. Rainfall and depth are road-specific only if the cited report says so.,The Indian Express,https://indianexpress.com/article/cities/delhi/gurgaon-rain-waterlogging-several-areas-8076161/,REQUIRES_REVIEW,,UNKNOWN,INSUFFICIENT EVIDENCE FOR THRESHOLD,"INSUFFICIENT EVIDENCE FOR THRESHOLD: rainfall and duration are contextual, not a verified road-specific causal pairing.",false,[],Citywide incidents,153,Gurugram,Sector 28,2022-08-07,19,City total by 17:00,Over 2 hours Sunday morning; some water receded in 1–2 hours,Knee-high at some low-lying points; not assignable to every named road.,Source explicitly names this location. Rainfall and depth are road-specific only if the cited report says so.,NO
HIST-LOC-0154,EVT-4a28efa10368,Citywide incidents!A154:J154,,,Sun City society,NOT_ASSESSED,Gurugram,,,2022-08-07,,,2022-08-07,19,CITY_TOTAL,City total by 17:00,false,120,AT_LEAST,Over 2 hours Sunday morning; some water receded in 1–2 hours,,Knee-high at some low-lying points; not assignable to every named road.,EVENT_CONTEXT,Source explicitly names this location. Rainfall and depth are road-specific only if the cited report says so.,The Indian Express,https://indianexpress.com/article/cities/delhi/gurgaon-rain-waterlogging-several-areas-8076161/,REQUIRES_REVIEW,,UNKNOWN,INSUFFICIENT EVIDENCE FOR THRESHOLD,"INSUFFICIENT EVIDENCE FOR THRESHOLD: rainfall and duration are contextual, not a verified road-specific causal pairing.",false,[],Citywide incidents,154,Gurugram,Sun City society,2022-08-07,19,City total by 17:00,Over 2 hours Sunday morning; some water receded in 1–2 hours,Knee-high at some low-lying points; not assignable to every named road.,Source explicitly names this location. Rainfall and depth are road-specific only if the cited report says so.,NO
HIST-LOC-0155,EVT-cf61100a89da,Citywide incidents!A155:J155,,,Rajiv Chowk,NOT_ASSESSED,Gurugram,,,2023-07-04,,,2023-07-04,65,CITY_TOTAL,City total by 16:30 (Indian Express),false,,UNKNOWN,Heavy rain within short span; exact duration UNKNOWN,,Waterlogging named; knee-deep only at some unnamed places.,EVENT_CONTEXT,Direct article check (2026-10-09): confirms waterlogging at Rajeev Chowk during the 2023-07-04 Gurugram event. The 65 mm figure is the city total reported by 4:30 pm; article describes heavy rain in a short span but states no exact duration or road-specific rainfall.,The Indian Express,https://indianexpress.com/article/cities/delhi/gurgaon-heavy-rain-waterlogging-gmda-8752362/,VERIFIED,,UNKNOWN,INSUFFICIENT EVIDENCE FOR THRESHOLD,"INSUFFICIENT EVIDENCE FOR THRESHOLD: rainfall and duration are contextual, not a verified road-specific causal pairing.",true,[],Citywide incidents,155,Gurugram,Rajiv Chowk,2023-07-04,65,City total by 16:30 (Indian Express),Heavy rain within short span; exact duration UNKNOWN,Waterlogging named; knee-deep only at some unnamed places.,Source explicitly names this location. Rainfall and depth are road-specific only if the cited report says so.,YES — Rajiv Chowk
HIST-LOC-0156,EVT-cf61100a89da,Citywide incidents!A156:J156,,,"NH-48, Narsinghpur",NOT_ASSESSED,Gurugram,,,2023-07-04,,,2023-07-04,65,CITY_TOTAL,City total by 16:30 (Indian Express),false,,UNKNOWN,Heavy rain within short span; exact duration UNKNOWN,,Waterlogging named; knee-deep only at some unnamed places.,EVENT_CONTEXT,Source explicitly names this location. Rainfall and depth are road-specific only if the cited report says so.,The Indian Express,https://indianexpress.com/article/cities/delhi/gurgaon-heavy-rain-waterlogging-gmda-8752362/,REQUIRES_REVIEW,,UNKNOWN,INSUFFICIENT EVIDENCE FOR THRESHOLD,"INSUFFICIENT EVIDENCE FOR THRESHOLD: rainfall and duration are contextual, not a verified road-specific causal pairing.",false,[],Citywide incidents,156,Gurugram,"NH-48, Narsinghpur",2023-07-04,65,City total by 16:30 (Indian Express),Heavy rain within short span; exact duration UNKNOWN,Waterlogging named; knee-deep only at some unnamed places.,Source explicitly names this location. Rainfall and depth are road-specific only if the cited report says so.,NO
HIST-LOC-0157,EVT-cf61100a89da,Citywide incidents!A157:J157,,,Near Signature Towers,NOT_ASSESSED,Gurugram,,,2023-07-04,,,2023-07-04,65,CITY_TOTAL,City total by 16:30 (Indian Express),false,,UNKNOWN,Heavy rain within short span; exact duration UNKNOWN,,Waterlogging named; knee-deep only at some unnamed places.,EVENT_CONTEXT,Source explicitly names this location. Rainfall and depth are road-specific only if the cited report says so.,The Indian Express,https://indianexpress.com/article/cities/delhi/gurgaon-heavy-rain-waterlogging-gmda-8752362/,REQUIRES_REVIEW,,UNKNOWN,INSUFFICIENT EVIDENCE FOR THRESHOLD,"INSUFFICIENT EVIDENCE FOR THRESHOLD: rainfall and duration are contextual, not a verified road-specific causal pairing.",false,[],Citywide incidents,157,Gurugram,Near Signature Towers,2023-07-04,65,City total by 16:30 (Indian Express),Heavy rain within short span; exact duration UNKNOWN,Waterlogging named; knee-deep only at some unnamed places.,Source explicitly names this location. Rainfall and depth are road-specific only if the cited report says so.,NO
HIST-LOC-0158,EVT-cf61100a89da,Citywide incidents!A158:J158,,,Sector 39,NOT_ASSESSED,Gurugram,,,2023-07-04,,,2023-07-04,65,CITY_TOTAL,City total by 16:30 (Indian Express),false,,UNKNOWN,Heavy rain within short span; exact duration UNKNOWN,,Waterlogging named; knee-deep only at some unnamed places.,EVENT_CONTEXT,Source explicitly names this location. Rainfall and depth are road-specific only if the cited report says so.,The Indian Express,https://indianexpress.com/article/cities/delhi/gurgaon-heavy-rain-waterlogging-gmda-8752362/,REQUIRES_REVIEW,,UNKNOWN,INSUFFICIENT EVIDENCE FOR THRESHOLD,"INSUFFICIENT EVIDENCE FOR THRESHOLD: rainfall and duration are contextual, not a verified road-specific causal pairing.",false,[],Citywide incidents,158,Gurugram,Sector 39,2023-07-04,65,City total by 16:30 (Indian Express),Heavy rain within short span; exact duration UNKNOWN,Waterlogging named; knee-deep only at some unnamed places.,Source explicitly names this location. Rainfall and depth are road-specific only if the cited report says so.,NO
HIST-LOC-0159,EVT-cf61100a89da,Citywide incidents!A159:J159,,,Subhash Chowk,NOT_ASSESSED,Gurugram,,,2023-07-04,,,2023-07-04,65,CITY_TOTAL,City total by 16:30 (Indian Express),false,,UNKNOWN,Heavy rain within short span; exact duration UNKNOWN,,Waterlogging named; knee-deep only at some unnamed places.,EVENT_CONTEXT,Source explicitly names this location. Rainfall and depth are road-specific only if the cited report says so.,The Indian Express,https://indianexpress.com/article/cities/delhi/gurgaon-heavy-rain-waterlogging-gmda-8752362/,REQUIRES_REVIEW,,UNKNOWN,INSUFFICIENT EVIDENCE FOR THRESHOLD,"INSUFFICIENT EVIDENCE FOR THRESHOLD: rainfall and duration are contextual, not a verified road-specific causal pairing.",false,[],Citywide incidents,159,Gurugram,Subhash Chowk,2023-07-04,65,City total by 16:30 (Indian Express),Heavy rain within short span; exact duration UNKNOWN,Waterlogging named; knee-deep only at some unnamed places.,Source explicitly names this location. Rainfall and depth are road-specific only if the cited report says so.,NO
HIST-LOC-0160,EVT-cf61100a89da,Citywide incidents!A160:J160,,,Narsinghpur service lane,NOT_ASSESSED,Gurugram,,,2023-07-04,,,2023-07-04,65,CITY_TOTAL,City total by 16:30 (Indian Express),false,,UNKNOWN,Heavy rain within short span; exact duration UNKNOWN,,Waterlogging named; knee-deep only at some unnamed places.,EVENT_CONTEXT,Source explicitly names this location. Rainfall and depth are road-specific only if the cited report says so.,The Indian Express,https://indianexpress.com/article/cities/delhi/gurgaon-heavy-rain-waterlogging-gmda-8752362/,REQUIRES_REVIEW,,UNKNOWN,INSUFFICIENT EVIDENCE FOR THRESHOLD,"INSUFFICIENT EVIDENCE FOR THRESHOLD: rainfall and duration are contextual, not a verified road-specific causal pairing.",false,[],Citywide incidents,160,Gurugram,Narsinghpur service lane,2023-07-04,65,City total by 16:30 (Indian Express),Heavy rain within short span; exact duration UNKNOWN,Waterlogging named; knee-deep only at some unnamed places.,Source explicitly names this location. Rainfall and depth are road-specific only if the cited report says so.,NO
HIST-LOC-0161,EVT-cf61100a89da,Citywide incidents!A161:J161,,,Hero Honda Chowk,NOT_ASSESSED,Gurugram,,,2023-07-04,,,2023-07-04,65,CITY_TOTAL,City total by 16:30 (Indian Express),false,,UNKNOWN,Heavy rain within short span; exact duration UNKNOWN,,Waterlogging named; knee-deep only at some unnamed places.,EVENT_CONTEXT,Direct article check (2026-10-09): confirms waterlogging at Hero Honda Chowk during the 2023-07-04 Gurugram event. The 65 mm figure is the city total reported by 4:30 pm; article describes heavy rain in a short span but states no exact duration or road-specific rainfall.,The Indian Express,https://indianexpress.com/article/cities/delhi/gurgaon-heavy-rain-waterlogging-gmda-8752362/,VERIFIED,,UNKNOWN,INSUFFICIENT EVIDENCE FOR THRESHOLD,"INSUFFICIENT EVIDENCE FOR THRESHOLD: rainfall and duration are contextual, not a verified road-specific causal pairing.",true,[],Citywide incidents,161,Gurugram,Hero Honda Chowk,2023-07-04,65,City total by 16:30 (Indian Express),Heavy rain within short span; exact duration UNKNOWN,Waterlogging named; knee-deep only at some unnamed places.,Source explicitly names this location. Rainfall and depth are road-specific only if the cited report says so.,YES — Hero Honda Chowk
HIST-LOC-0162,EVT-cf61100a89da,Citywide incidents!A162:J162,,,Udyog Vihar: Shankar Chowk–Dundahera,NOT_ASSESSED,Gurugram,,,2023-07-04,,,2023-07-04,65,CITY_TOTAL,City total by 16:30 (Indian Express),false,,UNKNOWN,Heavy rain within short span; exact duration UNKNOWN,,Waterlogging named; knee-deep only at some unnamed places.,EVENT_CONTEXT,Source explicitly names this location. Rainfall and depth are road-specific only if the cited report says so.,The Indian Express,https://indianexpress.com/article/cities/delhi/gurgaon-heavy-rain-waterlogging-gmda-8752362/,REQUIRES_REVIEW,,UNKNOWN,INSUFFICIENT EVIDENCE FOR THRESHOLD,"INSUFFICIENT EVIDENCE FOR THRESHOLD: rainfall and duration are contextual, not a verified road-specific causal pairing.",false,[],Citywide incidents,162,Gurugram,Udyog Vihar: Shankar Chowk–Dundahera,2023-07-04,65,City total by 16:30 (Indian Express),Heavy rain within short span; exact duration UNKNOWN,Waterlogging named; knee-deep only at some unnamed places.,Source explicitly names this location. Rainfall and depth are road-specific only if the cited report says so.,NO
HIST-LOC-0163,EVT-cf61100a89da,Citywide incidents!A163:J163,,,Mayfield Garden,NOT_ASSESSED,Gurugram,,,2023-07-04,,,2023-07-04,65,CITY_TOTAL,City total by 16:30 (Indian Express),false,,UNKNOWN,Heavy rain within short span; exact duration UNKNOWN,,Waterlogging named; knee-deep only at some unnamed places.,EVENT_CONTEXT,Source explicitly names this location. Rainfall and depth are road-specific only if the cited report says so.,The Indian Express,https://indianexpress.com/article/cities/delhi/gurgaon-heavy-rain-waterlogging-gmda-8752362/,REQUIRES_REVIEW,,UNKNOWN,INSUFFICIENT EVIDENCE FOR THRESHOLD,"INSUFFICIENT EVIDENCE FOR THRESHOLD: rainfall and duration are contextual, not a verified road-specific causal pairing.",false,"[""OVERLAPPING_SOURCE_REPORTS_SAME_LOCATION_DATE""]",Citywide incidents,163,Gurugram,Mayfield Garden,2023-07-04,65,City total by 16:30 (Indian Express),Heavy rain within short span; exact duration UNKNOWN,Waterlogging named; knee-deep only at some unnamed places.,Source explicitly names this location. Rainfall and depth are road-specific only if the cited report says so.,NO
HIST-LOC-0164,EVT-b7e99e2a29df,Citywide incidents!A164:J164,,,Sheetla Mata Road,NOT_ASSESSED,Gurugram,,,2023-07-04,,,2023-07-04,230,DISTRICT_TOTAL,Gurugram district total by 16:30 per Daily Pioneer; conflicts with 65 mm city report,false,120,APPROXIMATE,About 2 hours in report; not a road-specific duration,,Waterlogging reported; depth UNKNOWN at each named location.,EVENT_CONTEXT,Source explicitly names this location. Rainfall and depth are road-specific only if the cited report says so.,The Daily Pioneer,https://www.dailypioneer.com/uploads/2023/epaper/july/delhi-english-edition-2023-07-05.pdf,REQUIRES_REVIEW,,UNKNOWN,INSUFFICIENT EVIDENCE FOR THRESHOLD,"INSUFFICIENT EVIDENCE FOR THRESHOLD: rainfall and duration are contextual, not a verified road-specific causal pairing.",true,"[""CONFLICTING_PUBLISHED_RAINFALL_CONTEXT""]",Citywide incidents,164,Gurugram,Sheetla Mata Road,2023-07-04,230,Gurugram district total by 16:30 per Daily Pioneer; conflicts with 65 mm city report,About 2 hours in report; not a road-specific duration,Waterlogging reported; depth UNKNOWN at each named location.,Source explicitly names this location. Rainfall and depth are road-specific only if the cited report says so.,YES — Sheetla Mata Mandir / Road
HIST-LOC-0165,EVT-b7e99e2a29df,Citywide incidents!A165:J165,,,Mayfield Garden,NOT_ASSESSED,Gurugram,,,2023-07-04,,,2023-07-04,230,DISTRICT_TOTAL,Gurugram district total by 16:30 per Daily Pioneer; conflicts with 65 mm city report,false,120,APPROXIMATE,About 2 hours in report; not a road-specific duration,,Waterlogging reported; depth UNKNOWN at each named location.,EVENT_CONTEXT,Source explicitly names this location. Rainfall and depth are road-specific only if the cited report says so.,The Daily Pioneer,https://www.dailypioneer.com/uploads/2023/epaper/july/delhi-english-edition-2023-07-05.pdf,REQUIRES_REVIEW,,UNKNOWN,INSUFFICIENT EVIDENCE FOR THRESHOLD,"INSUFFICIENT EVIDENCE FOR THRESHOLD: rainfall and duration are contextual, not a verified road-specific causal pairing.",false,"[""CONFLICTING_PUBLISHED_RAINFALL_CONTEXT"",""OVERLAPPING_SOURCE_REPORTS_SAME_LOCATION_DATE""]",Citywide incidents,165,Gurugram,Mayfield Garden,2023-07-04,230,Gurugram district total by 16:30 per Daily Pioneer; conflicts with 65 mm city report,About 2 hours in report; not a road-specific duration,Waterlogging reported; depth UNKNOWN at each named location.,Source explicitly names this location. Rainfall and depth are road-specific only if the cited report says so.,NO
HIST-LOC-0166,EVT-b7e99e2a29df,Citywide incidents!A166:J166,,,Court Complex area,NOT_ASSESSED,Gurugram,,,2023-07-04,,,2023-07-04,230,DISTRICT_TOTAL,Gurugram district total by 16:30 per Daily Pioneer; conflicts with 65 mm city report,false,120,APPROXIMATE,About 2 hours in report; not a road-specific duration,,Waterlogging reported; depth UNKNOWN at each named location.,EVENT_CONTEXT,Source explicitly names this location. Rainfall and depth are road-specific only if the cited report says so.,The Daily Pioneer,https://www.dailypioneer.com/uploads/2023/epaper/july/delhi-english-edition-2023-07-05.pdf,REQUIRES_REVIEW,,UNKNOWN,INSUFFICIENT EVIDENCE FOR THRESHOLD,"INSUFFICIENT EVIDENCE FOR THRESHOLD: rainfall and duration are contextual, not a verified road-specific causal pairing.",false,"[""CONFLICTING_PUBLISHED_RAINFALL_CONTEXT""]",Citywide incidents,166,Gurugram,Court Complex area,2023-07-04,230,Gurugram district total by 16:30 per Daily Pioneer; conflicts with 65 mm city report,About 2 hours in report; not a road-specific duration,Waterlogging reported; depth UNKNOWN at each named location.,Source explicitly names this location. Rainfall and depth are road-specific only if the cited report says so.,NO
HIST-LOC-0167,EVT-b7e99e2a29df,Citywide incidents!A167:J167,,,Artemis Road,NOT_ASSESSED,Gurugram,,,2023-07-04,,,2023-07-04,230,DISTRICT_TOTAL,Gurugram district total by 16:30 per Daily Pioneer; conflicts with 65 mm city report,false,120,APPROXIMATE,About 2 hours in report; not a road-specific duration,,Waterlogging reported; depth UNKNOWN at each named location.,EVENT_CONTEXT,Source explicitly names this location. Rainfall and depth are road-specific only if the cited report says so.,The Daily Pioneer,https://www.dailypioneer.com/uploads/2023/epaper/july/delhi-english-edition-2023-07-05.pdf,REQUIRES_REVIEW,,UNKNOWN,INSUFFICIENT EVIDENCE FOR THRESHOLD,"INSUFFICIENT EVIDENCE FOR THRESHOLD: rainfall and duration are contextual, not a verified road-specific causal pairing.",false,"[""CONFLICTING_PUBLISHED_RAINFALL_CONTEXT""]",Citywide incidents,167,Gurugram,Artemis Road,2023-07-04,230,Gurugram district total by 16:30 per Daily Pioneer; conflicts with 65 mm city report,About 2 hours in report; not a road-specific duration,Waterlogging reported; depth UNKNOWN at each named location.,Source explicitly names this location. Rainfall and depth are road-specific only if the cited report says so.,NO
HIST-LOC-0168,EVT-b7e99e2a29df,Citywide incidents!A168:J168,,,Hanuman Chowk carriageway,NOT_ASSESSED,Gurugram,,,2023-07-04,,,2023-07-04,230,DISTRICT_TOTAL,Gurugram district total by 16:30 per Daily Pioneer; conflicts with 65 mm city report,false,120,APPROXIMATE,About 2 hours in report; not a road-specific duration,,Waterlogging reported; depth UNKNOWN at each named location.,EVENT_CONTEXT,Source explicitly names this location. Rainfall and depth are road-specific only if the cited report says so.,The Daily Pioneer,https://www.dailypioneer.com/uploads/2023/epaper/july/delhi-english-edition-2023-07-05.pdf,REQUIRES_REVIEW,,UNKNOWN,INSUFFICIENT EVIDENCE FOR THRESHOLD,"INSUFFICIENT EVIDENCE FOR THRESHOLD: rainfall and duration are contextual, not a verified road-specific causal pairing.",false,"[""CONFLICTING_PUBLISHED_RAINFALL_CONTEXT""]",Citywide incidents,168,Gurugram,Hanuman Chowk carriageway,2023-07-04,230,Gurugram district total by 16:30 per Daily Pioneer; conflicts with 65 mm city report,About 2 hours in report; not a road-specific duration,Waterlogging reported; depth UNKNOWN at each named location.,Source explicitly names this location. Rainfall and depth are road-specific only if the cited report says so.,NO
HIST-LOC-0169,EVT-b7e99e2a29df,Citywide incidents!A169:J169,,,Narsinghpur,NOT_ASSESSED,Gurugram,,,2023-07-04,,,2023-07-04,230,DISTRICT_TOTAL,Gurugram district total by 16:30 per Daily Pioneer; conflicts with 65 mm city report,false,120,APPROXIMATE,About 2 hours in report; not a road-specific duration,,Waterlogging reported; depth UNKNOWN at each named location.,EVENT_CONTEXT,Source explicitly names this location. Rainfall and depth are road-specific only if the cited report says so.,The Daily Pioneer,https://www.dailypioneer.com/uploads/2023/epaper/july/delhi-english-edition-2023-07-05.pdf,REQUIRES_REVIEW,,UNKNOWN,INSUFFICIENT EVIDENCE FOR THRESHOLD,"INSUFFICIENT EVIDENCE FOR THRESHOLD: rainfall and duration are contextual, not a verified road-specific causal pairing.",false,"[""CONFLICTING_PUBLISHED_RAINFALL_CONTEXT""]",Citywide incidents,169,Gurugram,Narsinghpur,2023-07-04,230,Gurugram district total by 16:30 per Daily Pioneer; conflicts with 65 mm city report,About 2 hours in report; not a road-specific duration,Waterlogging reported; depth UNKNOWN at each named location.,Source explicitly names this location. Rainfall and depth are road-specific only if the cited report says so.,NO
HIST-LOC-0170,EVT-b7e99e2a29df,Citywide incidents!A170:J170,,,Hongkong Bazaar on SPR,NOT_ASSESSED,Gurugram,,,2023-07-04,,,2023-07-04,230,DISTRICT_TOTAL,Gurugram district total by 16:30 per Daily Pioneer; conflicts with 65 mm city report,false,120,APPROXIMATE,About 2 hours in report; not a road-specific duration,,Waterlogging reported; depth UNKNOWN at each named location.,EVENT_CONTEXT,Source explicitly names this location. Rainfall and depth are road-specific only if the cited report says so.,The Daily Pioneer,https://www.dailypioneer.com/uploads/2023/epaper/july/delhi-english-edition-2023-07-05.pdf,REQUIRES_REVIEW,,UNKNOWN,INSUFFICIENT EVIDENCE FOR THRESHOLD,"INSUFFICIENT EVIDENCE FOR THRESHOLD: rainfall and duration are contextual, not a verified road-specific causal pairing.",false,"[""CONFLICTING_PUBLISHED_RAINFALL_CONTEXT""]",Citywide incidents,170,Gurugram,Hongkong Bazaar on SPR,2023-07-04,230,Gurugram district total by 16:30 per Daily Pioneer; conflicts with 65 mm city report,About 2 hours in report; not a road-specific duration,Waterlogging reported; depth UNKNOWN at each named location.,Source explicitly names this location. Rainfall and depth are road-specific only if the cited report says so.,NO
HIST-LOC-0171,EVT-d44a146a1739,Citywide incidents!A171:J171,,,Rajiv Chowk,NOT_ASSESSED,Gurugram,,,2023-07-08,,,2023-07-08,9.5,DISTRICT_TOTAL,"District total, 08:30–17:30",false,,UNKNOWN,Rain approx 07:00–17:00; receding by 15:00 in affected areas,,"Knee-deep on CH Bakhtawar Singh Road, Sector 10, Basai Road and Golf Course Extension Road; other depths UNKNOWN.",EVENT_CONTEXT,Source explicitly names this location. Rainfall and depth are road-specific only if the cited report says so.,Hindustan Times,https://www.hindustantimes.com/cities/gurugram-news/heavy-rainfall-causes-waterlogging-and-power-outages-in-gurugram-city-101688840363567.html,REQUIRES_REVIEW,,UNKNOWN,INSUFFICIENT EVIDENCE FOR THRESHOLD,"INSUFFICIENT EVIDENCE FOR THRESHOLD: rainfall and duration are contextual, not a verified road-specific causal pairing.",true,[],Citywide incidents,171,Gurugram,Rajiv Chowk,2023-07-08,9.5,"District total, 08:30–17:30",Rain approx 07:00–17:00; receding by 15:00 in affected areas,"Knee-deep on CH Bakhtawar Singh Road, Sector 10, Basai Road and Golf Course Extension Road; other depths UNKNOWN.",Source explicitly names this location. Rainfall and depth are road-specific only if the cited report says so.,YES — Rajiv Chowk
HIST-LOC-0172,EVT-d44a146a1739,Citywide incidents!A172:J172,,,Subhash Chowk,NOT_ASSESSED,Gurugram,,,2023-07-08,,,2023-07-08,9.5,DISTRICT_TOTAL,"District total, 08:30–17:30",false,,UNKNOWN,Rain approx 07:00–17:00; receding by 15:00 in affected areas,,"Knee-deep on CH Bakhtawar Singh Road, Sector 10, Basai Road and Golf Course Extension Road; other depths UNKNOWN.",EVENT_CONTEXT,Source explicitly names this location. Rainfall and depth are road-specific only if the cited report says so.,Hindustan Times,https://www.hindustantimes.com/cities/gurugram-news/heavy-rainfall-causes-waterlogging-and-power-outages-in-gurugram-city-101688840363567.html,REQUIRES_REVIEW,,UNKNOWN,INSUFFICIENT EVIDENCE FOR THRESHOLD,"INSUFFICIENT EVIDENCE FOR THRESHOLD: rainfall and duration are contextual, not a verified road-specific causal pairing.",false,[],Citywide incidents,172,Gurugram,Subhash Chowk,2023-07-08,9.5,"District total, 08:30–17:30",Rain approx 07:00–17:00; receding by 15:00 in affected areas,"Knee-deep on CH Bakhtawar Singh Road, Sector 10, Basai Road and Golf Course Extension Road; other depths UNKNOWN.",Source explicitly names this location. Rainfall and depth are road-specific only if the cited report says so.,NO
HIST-LOC-0173,EVT-d44a146a1739,Citywide incidents!A173:J173,,,CH Bakhtawar Singh Road,NOT_ASSESSED,Gurugram,,,2023-07-08,,,2023-07-08,9.5,DISTRICT_TOTAL,"District total, 08:30–17:30",false,,UNKNOWN,Rain approx 07:00–17:00; receding by 15:00 in affected areas,,"Knee-deep on CH Bakhtawar Singh Road, Sector 10, Basai Road and Golf Course Extension Road; other depths UNKNOWN.",EVENT_CONTEXT,Source explicitly names this location. Rainfall and depth are road-specific only if the cited report says so.,Hindustan Times,https://www.hindustantimes.com/cities/gurugram-news/heavy-rainfall-causes-waterlogging-and-power-outages-in-gurugram-city-101688840363567.html,REQUIRES_REVIEW,,UNKNOWN,INSUFFICIENT EVIDENCE FOR THRESHOLD,"INSUFFICIENT EVIDENCE FOR THRESHOLD: rainfall and duration are contextual, not a verified road-specific causal pairing.",false,[],Citywide incidents,173,Gurugram,CH Bakhtawar Singh Road,2023-07-08,9.5,"District total, 08:30–17:30",Rain approx 07:00–17:00; receding by 15:00 in affected areas,"Knee-deep on CH Bakhtawar Singh Road, Sector 10, Basai Road and Golf Course Extension Road; other depths UNKNOWN.",Source explicitly names this location. Rainfall and depth are road-specific only if the cited report says so.,NO
HIST-LOC-0174,EVT-d44a146a1739,Citywide incidents!A174:J174,,,Sector 9A,NOT_ASSESSED,Gurugram,,,2023-07-08,,,2023-07-08,9.5,DISTRICT_TOTAL,"District total, 08:30–17:30",false,,UNKNOWN,Rain approx 07:00–17:00; receding by 15:00 in affected areas,,"Knee-deep on CH Bakhtawar Singh Road, Sector 10, Basai Road and Golf Course Extension Road; other depths UNKNOWN.",EVENT_CONTEXT,Source explicitly names this location. Rainfall and depth are road-specific only if the cited report says so.,Hindustan Times,https://www.hindustantimes.com/cities/gurugram-news/heavy-rainfall-causes-waterlogging-and-power-outages-in-gurugram-city-101688840363567.html,REQUIRES_REVIEW,,UNKNOWN,INSUFFICIENT EVIDENCE FOR THRESHOLD,"INSUFFICIENT EVIDENCE FOR THRESHOLD: rainfall and duration are contextual, not a verified road-specific causal pairing.",false,[],Citywide incidents,174,Gurugram,Sector 9A,2023-07-08,9.5,"District total, 08:30–17:30",Rain approx 07:00–17:00; receding by 15:00 in affected areas,"Knee-deep on CH Bakhtawar Singh Road, Sector 10, Basai Road and Golf Course Extension Road; other depths UNKNOWN.",Source explicitly names this location. Rainfall and depth are road-specific only if the cited report says so.,NO
HIST-LOC-0175,EVT-d44a146a1739,Citywide incidents!A175:J175,,,Sector 10,NOT_ASSESSED,Gurugram,,,2023-07-08,,,2023-07-08,9.5,DISTRICT_TOTAL,"District total, 08:30–17:30",false,,UNKNOWN,Rain approx 07:00–17:00; receding by 15:00 in affected areas,,"Knee-deep on CH Bakhtawar Singh Road, Sector 10, Basai Road and Golf Course Extension Road; other depths UNKNOWN.",EVENT_CONTEXT,Source explicitly names this location. Rainfall and depth are road-specific only if the cited report says so.,Hindustan Times,https://www.hindustantimes.com/cities/gurugram-news/heavy-rainfall-causes-waterlogging-and-power-outages-in-gurugram-city-101688840363567.html,REQUIRES_REVIEW,,UNKNOWN,INSUFFICIENT EVIDENCE FOR THRESHOLD,"INSUFFICIENT EVIDENCE FOR THRESHOLD: rainfall and duration are contextual, not a verified road-specific causal pairing.",false,[],Citywide incidents,175,Gurugram,Sector 10,2023-07-08,9.5,"District total, 08:30–17:30",Rain approx 07:00–17:00; receding by 15:00 in affected areas,"Knee-deep on CH Bakhtawar Singh Road, Sector 10, Basai Road and Golf Course Extension Road; other depths UNKNOWN.",Source explicitly names this location. Rainfall and depth are road-specific only if the cited report says so.,NO
HIST-LOC-0176,EVT-d44a146a1739,Citywide incidents!A176:J176,,,Shivaji Park,NOT_ASSESSED,Gurugram,,,2023-07-08,,,2023-07-08,9.5,DISTRICT_TOTAL,"District total, 08:30–17:30",false,,UNKNOWN,Rain approx 07:00–17:00; receding by 15:00 in affected areas,,"Knee-deep on CH Bakhtawar Singh Road, Sector 10, Basai Road and Golf Course Extension Road; other depths UNKNOWN.",EVENT_CONTEXT,Source explicitly names this location. Rainfall and depth are road-specific only if the cited report says so.,Hindustan Times,https://www.hindustantimes.com/cities/gurugram-news/heavy-rainfall-causes-waterlogging-and-power-outages-in-gurugram-city-101688840363567.html,REQUIRES_REVIEW,,UNKNOWN,INSUFFICIENT EVIDENCE FOR THRESHOLD,"INSUFFICIENT EVIDENCE FOR THRESHOLD: rainfall and duration are contextual, not a verified road-specific causal pairing.",false,[],Citywide incidents,176,Gurugram,Shivaji Park,2023-07-08,9.5,"District total, 08:30–17:30",Rain approx 07:00–17:00; receding by 15:00 in affected areas,"Knee-deep on CH Bakhtawar Singh Road, Sector 10, Basai Road and Golf Course Extension Road; other depths UNKNOWN.",Source explicitly names this location. Rainfall and depth are road-specific only if the cited report says so.,NO
HIST-LOC-0177,EVT-d44a146a1739,Citywide incidents!A177:J177,,,Basai Road,NOT_ASSESSED,Gurugram,,,2023-07-08,,,2023-07-08,9.5,DISTRICT_TOTAL,"District total, 08:30–17:30",false,,UNKNOWN,Rain approx 07:00–17:00; receding by 15:00 in affected areas,,"Knee-deep on CH Bakhtawar Singh Road, Sector 10, Basai Road and Golf Course Extension Road; other depths UNKNOWN.",EVENT_CONTEXT,Source explicitly names this location. Rainfall and depth are road-specific only if the cited report says so.,Hindustan Times,https://www.hindustantimes.com/cities/gurugram-news/heavy-rainfall-causes-waterlogging-and-power-outages-in-gurugram-city-101688840363567.html,REQUIRES_REVIEW,,UNKNOWN,INSUFFICIENT EVIDENCE FOR THRESHOLD,"INSUFFICIENT EVIDENCE FOR THRESHOLD: rainfall and duration are contextual, not a verified road-specific causal pairing.",false,[],Citywide incidents,177,Gurugram,Basai Road,2023-07-08,9.5,"District total, 08:30–17:30",Rain approx 07:00–17:00; receding by 15:00 in affected areas,"Knee-deep on CH Bakhtawar Singh Road, Sector 10, Basai Road and Golf Course Extension Road; other depths UNKNOWN.",Source explicitly names this location. Rainfall and depth are road-specific only if the cited report says so.,NO
HIST-LOC-0178,EVT-d44a146a1739,Citywide incidents!A178:J178,,,Sector 48,NOT_ASSESSED,Gurugram,,,2023-07-08,,,2023-07-08,9.5,DISTRICT_TOTAL,"District total, 08:30–17:30",false,,UNKNOWN,Rain approx 07:00–17:00; receding by 15:00 in affected areas,,"Knee-deep on CH Bakhtawar Singh Road, Sector 10, Basai Road and Golf Course Extension Road; other depths UNKNOWN.",EVENT_CONTEXT,Source explicitly names this location. Rainfall and depth are road-specific only if the cited report says so.,Hindustan Times,https://www.hindustantimes.com/cities/gurugram-news/heavy-rainfall-causes-waterlogging-and-power-outages-in-gurugram-city-101688840363567.html,REQUIRES_REVIEW,,UNKNOWN,INSUFFICIENT EVIDENCE FOR THRESHOLD,"INSUFFICIENT EVIDENCE FOR THRESHOLD: rainfall and duration are contextual, not a verified road-specific causal pairing.",false,[],Citywide incidents,178,Gurugram,Sector 48,2023-07-08,9.5,"District total, 08:30–17:30",Rain approx 07:00–17:00; receding by 15:00 in affected areas,"Knee-deep on CH Bakhtawar Singh Road, Sector 10, Basai Road and Golf Course Extension Road; other depths UNKNOWN.",Source explicitly names this location. Rainfall and depth are road-specific only if the cited report says so.,NO
HIST-LOC-0179,EVT-d44a146a1739,Citywide incidents!A179:J179,,,Sector 51,NOT_ASSESSED,Gurugram,,,2023-07-08,,,2023-07-08,9.5,DISTRICT_TOTAL,"District total, 08:30–17:30",false,,UNKNOWN,Rain approx 07:00–17:00; receding by 15:00 in affected areas,,"Knee-deep on CH Bakhtawar Singh Road, Sector 10, Basai Road and Golf Course Extension Road; other depths UNKNOWN.",EVENT_CONTEXT,Source explicitly names this location. Rainfall and depth are road-specific only if the cited report says so.,Hindustan Times,https://www.hindustantimes.com/cities/gurugram-news/heavy-rainfall-causes-waterlogging-and-power-outages-in-gurugram-city-101688840363567.html,REQUIRES_REVIEW,,UNKNOWN,INSUFFICIENT EVIDENCE FOR THRESHOLD,"INSUFFICIENT EVIDENCE FOR THRESHOLD: rainfall and duration are contextual, not a verified road-specific causal pairing.",false,[],Citywide incidents,179,Gurugram,Sector 51,2023-07-08,9.5,"District total, 08:30–17:30",Rain approx 07:00–17:00; receding by 15:00 in affected areas,"Knee-deep on CH Bakhtawar Singh Road, Sector 10, Basai Road and Golf Course Extension Road; other depths UNKNOWN.",Source explicitly names this location. Rainfall and depth are road-specific only if the cited report says so.,NO
HIST-LOC-0180,EVT-d44a146a1739,Citywide incidents!A180:J180,,,Pataudi Road,NOT_ASSESSED,Gurugram,,,2023-07-08,,,2023-07-08,9.5,DISTRICT_TOTAL,"District total, 08:30–17:30",false,,UNKNOWN,Rain approx 07:00–17:00; receding by 15:00 in affected areas,,"Knee-deep on CH Bakhtawar Singh Road, Sector 10, Basai Road and Golf Course Extension Road; other depths UNKNOWN.",EVENT_CONTEXT,Source explicitly names this location. Rainfall and depth are road-specific only if the cited report says so.,Hindustan Times,https://www.hindustantimes.com/cities/gurugram-news/heavy-rainfall-causes-waterlogging-and-power-outages-in-gurugram-city-101688840363567.html,REQUIRES_REVIEW,,UNKNOWN,INSUFFICIENT EVIDENCE FOR THRESHOLD,"INSUFFICIENT EVIDENCE FOR THRESHOLD: rainfall and duration are contextual, not a verified road-specific causal pairing.",false,[],Citywide incidents,180,Gurugram,Pataudi Road,2023-07-08,9.5,"District total, 08:30–17:30",Rain approx 07:00–17:00; receding by 15:00 in affected areas,"Knee-deep on CH Bakhtawar Singh Road, Sector 10, Basai Road and Golf Course Extension Road; other depths UNKNOWN.",Source explicitly names this location. Rainfall and depth are road-specific only if the cited report says so.,NO
HIST-LOC-0181,EVT-d44a146a1739,Citywide incidents!A181:J181,,,Golf Course Extension Road,NOT_ASSESSED,Gurugram,,,2023-07-08,,,2023-07-08,9.5,DISTRICT_TOTAL,"District total, 08:30–17:30",false,,UNKNOWN,Rain approx 07:00–17:00; receding by 15:00 in affected areas,,"Knee-deep on CH Bakhtawar Singh Road, Sector 10, Basai Road and Golf Course Extension Road; other depths UNKNOWN.",EVENT_CONTEXT,Source explicitly names this location. Rainfall and depth are road-specific only if the cited report says so.,Hindustan Times,https://www.hindustantimes.com/cities/gurugram-news/heavy-rainfall-causes-waterlogging-and-power-outages-in-gurugram-city-101688840363567.html,REQUIRES_REVIEW,,UNKNOWN,INSUFFICIENT EVIDENCE FOR THRESHOLD,"INSUFFICIENT EVIDENCE FOR THRESHOLD: rainfall and duration are contextual, not a verified road-specific causal pairing.",false,[],Citywide incidents,181,Gurugram,Golf Course Extension Road,2023-07-08,9.5,"District total, 08:30–17:30",Rain approx 07:00–17:00; receding by 15:00 in affected areas,"Knee-deep on CH Bakhtawar Singh Road, Sector 10, Basai Road and Golf Course Extension Road; other depths UNKNOWN.",Source explicitly names this location. Rainfall and depth are road-specific only if the cited report says so.,NO
HIST-LOC-0182,EVT-d44a146a1739,Citywide incidents!A182:J182,,,Jwala Mill Road,NOT_ASSESSED,Gurugram,,,2023-07-08,,,2023-07-08,9.5,DISTRICT_TOTAL,"District total, 08:30–17:30",false,,UNKNOWN,Rain approx 07:00–17:00; receding by 15:00 in affected areas,,"Knee-deep on CH Bakhtawar Singh Road, Sector 10, Basai Road and Golf Course Extension Road; other depths UNKNOWN.",EVENT_CONTEXT,Source explicitly names this location. Rainfall and depth are road-specific only if the cited report says so.,Hindustan Times,https://www.hindustantimes.com/cities/gurugram-news/heavy-rainfall-causes-waterlogging-and-power-outages-in-gurugram-city-101688840363567.html,REQUIRES_REVIEW,,UNKNOWN,INSUFFICIENT EVIDENCE FOR THRESHOLD,"INSUFFICIENT EVIDENCE FOR THRESHOLD: rainfall and duration are contextual, not a verified road-specific causal pairing.",false,[],Citywide incidents,182,Gurugram,Jwala Mill Road,2023-07-08,9.5,"District total, 08:30–17:30",Rain approx 07:00–17:00; receding by 15:00 in affected areas,"Knee-deep on CH Bakhtawar Singh Road, Sector 10, Basai Road and Golf Course Extension Road; other depths UNKNOWN.",Source explicitly names this location. Rainfall and depth are road-specific only if the cited report says so.,NO
HIST-LOC-0183,EVT-0cc91ceee1b7,Citywide incidents!A183:J183,,,Rajiv Chowk,NOT_ASSESSED,Gurugram,,,2023-07-09,,,2023-07-09,250,DISTRICT_TOTAL,District collective total per report,false,,UNKNOWN,Heavy continuous rain since Sunday morning; exact duration UNKNOWN,,Waterlogged roads; underpasses shut; local depths UNKNOWN.,EVENT_CONTEXT,Source explicitly names this location. Rainfall and depth are road-specific only if the cited report says so.,The Tribune,https://www.tribuneindia.com/news/haryana/heavy-rains-bring-gurugram-to-a-halt-524301/,REQUIRES_REVIEW,,UNKNOWN,INSUFFICIENT EVIDENCE FOR THRESHOLD,"INSUFFICIENT EVIDENCE FOR THRESHOLD: rainfall and duration are contextual, not a verified road-specific causal pairing.",true,[],Citywide incidents,183,Gurugram,Rajiv Chowk,2023-07-09,250,District collective total per report,Heavy continuous rain since Sunday morning; exact duration UNKNOWN,Waterlogged roads; underpasses shut; local depths UNKNOWN.,Source explicitly names this location. Rainfall and depth are road-specific only if the cited report says so.,YES — Rajiv Chowk
HIST-LOC-0184,EVT-0cc91ceee1b7,Citywide incidents!A184:J184,,,Subhash Chowk,NOT_ASSESSED,Gurugram,,,2023-07-09,,,2023-07-09,250,DISTRICT_TOTAL,District collective total per report,false,,UNKNOWN,Heavy continuous rain since Sunday morning; exact duration UNKNOWN,,Waterlogged roads; underpasses shut; local depths UNKNOWN.,EVENT_CONTEXT,Source explicitly names this location. Rainfall and depth are road-specific only if the cited report says so.,The Tribune,https://www.tribuneindia.com/news/haryana/heavy-rains-bring-gurugram-to-a-halt-524301/,REQUIRES_REVIEW,,UNKNOWN,INSUFFICIENT EVIDENCE FOR THRESHOLD,"INSUFFICIENT EVIDENCE FOR THRESHOLD: rainfall and duration are contextual, not a verified road-specific causal pairing.",false,[],Citywide incidents,184,Gurugram,Subhash Chowk,2023-07-09,250,District collective total per report,Heavy continuous rain since Sunday morning; exact duration UNKNOWN,Waterlogged roads; underpasses shut; local depths UNKNOWN.,Source explicitly names this location. Rainfall and depth are road-specific only if the cited report says so.,NO
HIST-LOC-0185,EVT-0cc91ceee1b7,Citywide incidents!A185:J185,,,Subhash Chowk–Hero Honda Chowk stretch,NOT_ASSESSED,Gurugram,,,2023-07-09,,,2023-07-09,250,DISTRICT_TOTAL,District collective total per report,false,,UNKNOWN,Heavy continuous rain since Sunday morning; exact duration UNKNOWN,,Waterlogged roads; underpasses shut; local depths UNKNOWN.,EVENT_CONTEXT,Source explicitly names this location. Rainfall and depth are road-specific only if the cited report says so.,The Tribune,https://www.tribuneindia.com/news/haryana/heavy-rains-bring-gurugram-to-a-halt-524301/,REQUIRES_REVIEW,,UNKNOWN,INSUFFICIENT EVIDENCE FOR THRESHOLD,"INSUFFICIENT EVIDENCE FOR THRESHOLD: rainfall and duration are contextual, not a verified road-specific causal pairing.",true,[],Citywide incidents,185,Gurugram,Subhash Chowk–Hero Honda Chowk stretch,2023-07-09,250,District collective total per report,Heavy continuous rain since Sunday morning; exact duration UNKNOWN,Waterlogged roads; underpasses shut; local depths UNKNOWN.,Source explicitly names this location. Rainfall and depth are road-specific only if the cited report says so.,YES — Hero Honda Chowk
HIST-LOC-0186,EVT-0cc91ceee1b7,Citywide incidents!A186:J186,,,Sector 30/31,NOT_ASSESSED,Gurugram,,,2023-07-09,,,2023-07-09,250,DISTRICT_TOTAL,District collective total per report,false,,UNKNOWN,Heavy continuous rain since Sunday morning; exact duration UNKNOWN,,Waterlogged roads; underpasses shut; local depths UNKNOWN.,EVENT_CONTEXT,Source explicitly names this location. Rainfall and depth are road-specific only if the cited report says so.,The Tribune,https://www.tribuneindia.com/news/haryana/heavy-rains-bring-gurugram-to-a-halt-524301/,REQUIRES_REVIEW,,UNKNOWN,INSUFFICIENT EVIDENCE FOR THRESHOLD,"INSUFFICIENT EVIDENCE FOR THRESHOLD: rainfall and duration are contextual, not a verified road-specific causal pairing.",false,[],Citywide incidents,186,Gurugram,Sector 30/31,2023-07-09,250,District collective total per report,Heavy continuous rain since Sunday morning; exact duration UNKNOWN,Waterlogged roads; underpasses shut; local depths UNKNOWN.,Source explicitly names this location. Rainfall and depth are road-specific only if the cited report says so.,NO
HIST-LOC-0187,EVT-0cc91ceee1b7,Citywide incidents!A187:J187,,,Sector 10,NOT_ASSESSED,Gurugram,,,2023-07-09,,,2023-07-09,250,DISTRICT_TOTAL,District collective total per report,false,,UNKNOWN,Heavy continuous rain since Sunday morning; exact duration UNKNOWN,,Waterlogged roads; underpasses shut; local depths UNKNOWN.,EVENT_CONTEXT,Source explicitly names this location. Rainfall and depth are road-specific only if the cited report says so.,The Tribune,https://www.tribuneindia.com/news/haryana/heavy-rains-bring-gurugram-to-a-halt-524301/,REQUIRES_REVIEW,,UNKNOWN,INSUFFICIENT EVIDENCE FOR THRESHOLD,"INSUFFICIENT EVIDENCE FOR THRESHOLD: rainfall and duration are contextual, not a verified road-specific causal pairing.",false,[],Citywide incidents,187,Gurugram,Sector 10,2023-07-09,250,District collective total per report,Heavy continuous rain since Sunday morning; exact duration UNKNOWN,Waterlogged roads; underpasses shut; local depths UNKNOWN.,Source explicitly names this location. Rainfall and depth are road-specific only if the cited report says so.,NO
HIST-LOC-0188,EVT-0cc91ceee1b7,Citywide incidents!A188:J188,,,Near Umang Bhardwaj Chowk,NOT_ASSESSED,Gurugram,,,2023-07-09,,,2023-07-09,250,DISTRICT_TOTAL,District collective total per report,false,,UNKNOWN,Heavy continuous rain since Sunday morning; exact duration UNKNOWN,,Waterlogged roads; underpasses shut; local depths UNKNOWN.,EVENT_CONTEXT,Source explicitly names this location. Rainfall and depth are road-specific only if the cited report says so.,The Tribune,https://www.tribuneindia.com/news/haryana/heavy-rains-bring-gurugram-to-a-halt-524301/,REQUIRES_REVIEW,,UNKNOWN,INSUFFICIENT EVIDENCE FOR THRESHOLD,"INSUFFICIENT EVIDENCE FOR THRESHOLD: rainfall and duration are contextual, not a verified road-specific causal pairing.",false,[],Citywide incidents,188,Gurugram,Near Umang Bhardwaj Chowk,2023-07-09,250,District collective total per report,Heavy continuous rain since Sunday morning; exact duration UNKNOWN,Waterlogged roads; underpasses shut; local depths UNKNOWN.,Source explicitly names this location. Rainfall and depth are road-specific only if the cited report says so.,NO
HIST-LOC-0189,EVT-0cc91ceee1b7,Citywide incidents!A189:J189,,,Sector 23,NOT_ASSESSED,Gurugram,,,2023-07-09,,,2023-07-09,250,DISTRICT_TOTAL,District collective total per report,false,,UNKNOWN,Heavy continuous rain since Sunday morning; exact duration UNKNOWN,,Waterlogged roads; underpasses shut; local depths UNKNOWN.,EVENT_CONTEXT,Source explicitly names this location. Rainfall and depth are road-specific only if the cited report says so.,The Tribune,https://www.tribuneindia.com/news/haryana/heavy-rains-bring-gurugram-to-a-halt-524301/,REQUIRES_REVIEW,,UNKNOWN,INSUFFICIENT EVIDENCE FOR THRESHOLD,"INSUFFICIENT EVIDENCE FOR THRESHOLD: rainfall and duration are contextual, not a verified road-specific causal pairing.",false,[],Citywide incidents,189,Gurugram,Sector 23,2023-07-09,250,District collective total per report,Heavy continuous rain since Sunday morning; exact duration UNKNOWN,Waterlogged roads; underpasses shut; local depths UNKNOWN.,Source explicitly names this location. Rainfall and depth are road-specific only if the cited report says so.,NO
HIST-LOC-0190,EVT-0cc91ceee1b7,Citywide incidents!A190:J190,,,Two underpasses (exact names not stated),NOT_ASSESSED,Gurugram,,,2023-07-09,,,2023-07-09,250,DISTRICT_TOTAL,District collective total per report,false,,UNKNOWN,Heavy continuous rain since Sunday morning; exact duration UNKNOWN,,Waterlogged roads; underpasses shut; local depths UNKNOWN.,EVENT_CONTEXT,Source explicitly names this location. Rainfall and depth are road-specific only if the cited report says so.,The Tribune,https://www.tribuneindia.com/news/haryana/heavy-rains-bring-gurugram-to-a-halt-524301/,REQUIRES_REVIEW,,UNKNOWN,INSUFFICIENT EVIDENCE FOR THRESHOLD,"INSUFFICIENT EVIDENCE FOR THRESHOLD: rainfall and duration are contextual, not a verified road-specific causal pairing.",false,[],Citywide incidents,190,Gurugram,Two underpasses (exact names not stated),2023-07-09,250,District collective total per report,Heavy continuous rain since Sunday morning; exact duration UNKNOWN,Waterlogged roads; underpasses shut; local depths UNKNOWN.,Source explicitly names this location. Rainfall and depth are road-specific only if the cited report says so.,NO
HIST-LOC-0191,EVT-935dc36edddd,Citywide incidents!A191:J191,,,Subhash Chowk,NOT_ASSESSED,Gurugram,,,2024-07-03,,,2024-07-03,35.5,CITY_TOTAL,Gurugram city total,false,,UNKNOWN,IMD rain window approx 14:45–17:00; traffic disrupted about 2 hours,,Waterlogging reported in >40 locations; road depths UNKNOWN.,EVENT_CONTEXT,Source explicitly names this location. Rainfall and depth are road-specific only if the cited report says so.,Hindustan Times,https://www.hindustantimes.com/cities/gurugram-news/gurugram-flooded-again-after-35-5mm-rainfall-101720029034356.html,REQUIRES_REVIEW,,UNKNOWN,INSUFFICIENT EVIDENCE FOR THRESHOLD,"INSUFFICIENT EVIDENCE FOR THRESHOLD: rainfall and duration are contextual, not a verified road-specific causal pairing.",false,[],Citywide incidents,191,Gurugram,Subhash Chowk,2024-07-03,35.5,Gurugram city total,IMD rain window approx 14:45–17:00; traffic disrupted about 2 hours,Waterlogging reported in >40 locations; road depths UNKNOWN.,Source explicitly names this location. Rainfall and depth are road-specific only if the cited report says so.,NO
HIST-LOC-0192,EVT-935dc36edddd,Citywide incidents!A192:J192,,,Sohna Road,NOT_ASSESSED,Gurugram,,,2024-07-03,,,2024-07-03,35.5,CITY_TOTAL,Gurugram city total,false,,UNKNOWN,IMD rain window approx 14:45–17:00; traffic disrupted about 2 hours,,Waterlogging reported in >40 locations; road depths UNKNOWN.,EVENT_CONTEXT,Source explicitly names this location. Rainfall and depth are road-specific only if the cited report says so.,Hindustan Times,https://www.hindustantimes.com/cities/gurugram-news/gurugram-flooded-again-after-35-5mm-rainfall-101720029034356.html,REQUIRES_REVIEW,,UNKNOWN,INSUFFICIENT EVIDENCE FOR THRESHOLD,"INSUFFICIENT EVIDENCE FOR THRESHOLD: rainfall and duration are contextual, not a verified road-specific causal pairing.",false,[],Citywide incidents,192,Gurugram,Sohna Road,2024-07-03,35.5,Gurugram city total,IMD rain window approx 14:45–17:00; traffic disrupted about 2 hours,Waterlogging reported in >40 locations; road depths UNKNOWN.,Source explicitly names this location. Rainfall and depth are road-specific only if the cited report says so.,NO
HIST-LOC-0193,EVT-935dc36edddd,Citywide incidents!A193:J193,,,Golf Course Extension Road,NOT_ASSESSED,Gurugram,,,2024-07-03,,,2024-07-03,35.5,CITY_TOTAL,Gurugram city total,false,,UNKNOWN,IMD rain window approx 14:45–17:00; traffic disrupted about 2 hours,,Waterlogging reported in >40 locations; road depths UNKNOWN.,EVENT_CONTEXT,Source explicitly names this location. Rainfall and depth are road-specific only if the cited report says so.,Hindustan Times,https://www.hindustantimes.com/cities/gurugram-news/gurugram-flooded-again-after-35-5mm-rainfall-101720029034356.html,REQUIRES_REVIEW,,UNKNOWN,INSUFFICIENT EVIDENCE FOR THRESHOLD,"INSUFFICIENT EVIDENCE FOR THRESHOLD: rainfall and duration are contextual, not a verified road-specific causal pairing.",false,[],Citywide incidents,193,Gurugram,Golf Course Extension Road,2024-07-03,35.5,Gurugram city total,IMD rain window approx 14:45–17:00; traffic disrupted about 2 hours,Waterlogging reported in >40 locations; road depths UNKNOWN.,Source explicitly names this location. Rainfall and depth are road-specific only if the cited report says so.,NO
HIST-LOC-0194,EVT-935dc36edddd,Citywide incidents!A194:J194,,,Railway Road,NOT_ASSESSED,Gurugram,,,2024-07-03,,,2024-07-03,35.5,CITY_TOTAL,Gurugram city total,false,,UNKNOWN,IMD rain window approx 14:45–17:00; traffic disrupted about 2 hours,,Waterlogging reported in >40 locations; road depths UNKNOWN.,EVENT_CONTEXT,Source explicitly names this location. Rainfall and depth are road-specific only if the cited report says so.,Hindustan Times,https://www.hindustantimes.com/cities/gurugram-news/gurugram-flooded-again-after-35-5mm-rainfall-101720029034356.html,REQUIRES_REVIEW,,UNKNOWN,INSUFFICIENT EVIDENCE FOR THRESHOLD,"INSUFFICIENT EVIDENCE FOR THRESHOLD: rainfall and duration are contextual, not a verified road-specific causal pairing.",false,[],Citywide incidents,194,Gurugram,Railway Road,2024-07-03,35.5,Gurugram city total,IMD rain window approx 14:45–17:00; traffic disrupted about 2 hours,Waterlogging reported in >40 locations; road depths UNKNOWN.,Source explicitly names this location. Rainfall and depth are road-specific only if the cited report says so.,NO
HIST-LOC-0195,EVT-935dc36edddd,Citywide incidents!A195:J195,,,Palam Vihar,NOT_ASSESSED,Gurugram,,,2024-07-03,,,2024-07-03,35.5,CITY_TOTAL,Gurugram city total,false,,UNKNOWN,IMD rain window approx 14:45–17:00; traffic disrupted about 2 hours,,Waterlogging reported in >40 locations; road depths UNKNOWN.,EVENT_CONTEXT,Source explicitly names this location. Rainfall and depth are road-specific only if the cited report says so.,Hindustan Times,https://www.hindustantimes.com/cities/gurugram-news/gurugram-flooded-again-after-35-5mm-rainfall-101720029034356.html,REQUIRES_REVIEW,,UNKNOWN,INSUFFICIENT EVIDENCE FOR THRESHOLD,"INSUFFICIENT EVIDENCE FOR THRESHOLD: rainfall and duration are contextual, not a verified road-specific causal pairing.",false,[],Citywide incidents,195,Gurugram,Palam Vihar,2024-07-03,35.5,Gurugram city total,IMD rain window approx 14:45–17:00; traffic disrupted about 2 hours,Waterlogging reported in >40 locations; road depths UNKNOWN.,Source explicitly names this location. Rainfall and depth are road-specific only if the cited report says so.,NO
HIST-LOC-0196,EVT-935dc36edddd,Citywide incidents!A196:J196,,,Sector 15 Part 1,NOT_ASSESSED,Gurugram,,,2024-07-03,,,2024-07-03,35.5,CITY_TOTAL,Gurugram city total,false,,UNKNOWN,IMD rain window approx 14:45–17:00; traffic disrupted about 2 hours,,Waterlogging reported in >40 locations; road depths UNKNOWN.,EVENT_CONTEXT,Source explicitly names this location. Rainfall and depth are road-specific only if the cited report says so.,Hindustan Times,https://www.hindustantimes.com/cities/gurugram-news/gurugram-flooded-again-after-35-5mm-rainfall-101720029034356.html,REQUIRES_REVIEW,,UNKNOWN,INSUFFICIENT EVIDENCE FOR THRESHOLD,"INSUFFICIENT EVIDENCE FOR THRESHOLD: rainfall and duration are contextual, not a verified road-specific causal pairing.",false,[],Citywide incidents,196,Gurugram,Sector 15 Part 1,2024-07-03,35.5,Gurugram city total,IMD rain window approx 14:45–17:00; traffic disrupted about 2 hours,Waterlogging reported in >40 locations; road depths UNKNOWN.,Source explicitly names this location. Rainfall and depth are road-specific only if the cited report says so.,NO
HIST-LOC-0197,EVT-935dc36edddd,Citywide incidents!A197:J197,,,Basai,NOT_ASSESSED,Gurugram,,,2024-07-03,,,2024-07-03,35.5,CITY_TOTAL,Gurugram city total,false,,UNKNOWN,IMD rain window approx 14:45–17:00; traffic disrupted about 2 hours,,Waterlogging reported in >40 locations; road depths UNKNOWN.,EVENT_CONTEXT,Source explicitly names this location. Rainfall and depth are road-specific only if the cited report says so.,Hindustan Times,https://www.hindustantimes.com/cities/gurugram-news/gurugram-flooded-again-after-35-5mm-rainfall-101720029034356.html,REQUIRES_REVIEW,,UNKNOWN,INSUFFICIENT EVIDENCE FOR THRESHOLD,"INSUFFICIENT EVIDENCE FOR THRESHOLD: rainfall and duration are contextual, not a verified road-specific causal pairing.",false,[],Citywide incidents,197,Gurugram,Basai,2024-07-03,35.5,Gurugram city total,IMD rain window approx 14:45–17:00; traffic disrupted about 2 hours,Waterlogging reported in >40 locations; road depths UNKNOWN.,Source explicitly names this location. Rainfall and depth are road-specific only if the cited report says so.,NO
HIST-LOC-0198,EVT-935dc36edddd,Citywide incidents!A198:J198,,,Khandsa,NOT_ASSESSED,Gurugram,,,2024-07-03,,,2024-07-03,35.5,CITY_TOTAL,Gurugram city total,false,,UNKNOWN,IMD rain window approx 14:45–17:00; traffic disrupted about 2 hours,,Waterlogging reported in >40 locations; road depths UNKNOWN.,EVENT_CONTEXT,Source explicitly names this location. Rainfall and depth are road-specific only if the cited report says so.,Hindustan Times,https://www.hindustantimes.com/cities/gurugram-news/gurugram-flooded-again-after-35-5mm-rainfall-101720029034356.html,REQUIRES_REVIEW,,UNKNOWN,INSUFFICIENT EVIDENCE FOR THRESHOLD,"INSUFFICIENT EVIDENCE FOR THRESHOLD: rainfall and duration are contextual, not a verified road-specific causal pairing.",false,[],Citywide incidents,198,Gurugram,Khandsa,2024-07-03,35.5,Gurugram city total,IMD rain window approx 14:45–17:00; traffic disrupted about 2 hours,Waterlogging reported in >40 locations; road depths UNKNOWN.,Source explicitly names this location. Rainfall and depth are road-specific only if the cited report says so.,NO
HIST-LOC-0199,EVT-935dc36edddd,Citywide incidents!A199:J199,,,Sector 4,NOT_ASSESSED,Gurugram,,,2024-07-03,,,2024-07-03,35.5,CITY_TOTAL,Gurugram city total,false,,UNKNOWN,IMD rain window approx 14:45–17:00; traffic disrupted about 2 hours,,Waterlogging reported in >40 locations; road depths UNKNOWN.,EVENT_CONTEXT,Source explicitly names this location. Rainfall and depth are road-specific only if the cited report says so.,Hindustan Times,https://www.hindustantimes.com/cities/gurugram-news/gurugram-flooded-again-after-35-5mm-rainfall-101720029034356.html,REQUIRES_REVIEW,,UNKNOWN,INSUFFICIENT EVIDENCE FOR THRESHOLD,"INSUFFICIENT EVIDENCE FOR THRESHOLD: rainfall and duration are contextual, not a verified road-specific causal pairing.",false,[],Citywide incidents,199,Gurugram,Sector 4,2024-07-03,35.5,Gurugram city total,IMD rain window approx 14:45–17:00; traffic disrupted about 2 hours,Waterlogging reported in >40 locations; road depths UNKNOWN.,Source explicitly names this location. Rainfall and depth are road-specific only if the cited report says so.,NO
HIST-LOC-0200,EVT-935dc36edddd,Citywide incidents!A200:J200,,,Sector 7,NOT_ASSESSED,Gurugram,,,2024-07-03,,,2024-07-03,35.5,CITY_TOTAL,Gurugram city total,false,,UNKNOWN,IMD rain window approx 14:45–17:00; traffic disrupted about 2 hours,,Waterlogging reported in >40 locations; road depths UNKNOWN.,EVENT_CONTEXT,Source explicitly names this location. Rainfall and depth are road-specific only if the cited report says so.,Hindustan Times,https://www.hindustantimes.com/cities/gurugram-news/gurugram-flooded-again-after-35-5mm-rainfall-101720029034356.html,REQUIRES_REVIEW,,UNKNOWN,INSUFFICIENT EVIDENCE FOR THRESHOLD,"INSUFFICIENT EVIDENCE FOR THRESHOLD: rainfall and duration are contextual, not a verified road-specific causal pairing.",false,[],Citywide incidents,200,Gurugram,Sector 7,2024-07-03,35.5,Gurugram city total,IMD rain window approx 14:45–17:00; traffic disrupted about 2 hours,Waterlogging reported in >40 locations; road depths UNKNOWN.,Source explicitly names this location. Rainfall and depth are road-specific only if the cited report says so.,NO
HIST-LOC-0201,EVT-935dc36edddd,Citywide incidents!A201:J201,,,Railway Station,NOT_ASSESSED,Gurugram,,,2024-07-03,,,2024-07-03,35.5,CITY_TOTAL,Gurugram city total,false,,UNKNOWN,IMD rain window approx 14:45–17:00; traffic disrupted about 2 hours,,Waterlogging reported in >40 locations; road depths UNKNOWN.,EVENT_CONTEXT,Source explicitly names this location. Rainfall and depth are road-specific only if the cited report says so.,Hindustan Times,https://www.hindustantimes.com/cities/gurugram-news/gurugram-flooded-again-after-35-5mm-rainfall-101720029034356.html,REQUIRES_REVIEW,,UNKNOWN,INSUFFICIENT EVIDENCE FOR THRESHOLD,"INSUFFICIENT EVIDENCE FOR THRESHOLD: rainfall and duration are contextual, not a verified road-specific causal pairing.",false,[],Citywide incidents,201,Gurugram,Railway Station,2024-07-03,35.5,Gurugram city total,IMD rain window approx 14:45–17:00; traffic disrupted about 2 hours,Waterlogging reported in >40 locations; road depths UNKNOWN.,Source explicitly names this location. Rainfall and depth are road-specific only if the cited report says so.,NO
HIST-LOC-0202,EVT-935dc36edddd,Citywide incidents!A202:J202,,,Old Railway Road,NOT_ASSESSED,Gurugram,,,2024-07-03,,,2024-07-03,35.5,CITY_TOTAL,Gurugram city total,false,,UNKNOWN,IMD rain window approx 14:45–17:00; traffic disrupted about 2 hours,,Waterlogging reported in >40 locations; road depths UNKNOWN.,EVENT_CONTEXT,Source explicitly names this location. Rainfall and depth are road-specific only if the cited report says so.,Hindustan Times,https://www.hindustantimes.com/cities/gurugram-news/gurugram-flooded-again-after-35-5mm-rainfall-101720029034356.html,REQUIRES_REVIEW,,UNKNOWN,INSUFFICIENT EVIDENCE FOR THRESHOLD,"INSUFFICIENT EVIDENCE FOR THRESHOLD: rainfall and duration are contextual, not a verified road-specific causal pairing.",false,[],Citywide incidents,202,Gurugram,Old Railway Road,2024-07-03,35.5,Gurugram city total,IMD rain window approx 14:45–17:00; traffic disrupted about 2 hours,Waterlogging reported in >40 locations; road depths UNKNOWN.,Source explicitly names this location. Rainfall and depth are road-specific only if the cited report says so.,NO
HIST-LOC-0203,EVT-935dc36edddd,Citywide incidents!A203:J203,,,New Railway Road,NOT_ASSESSED,Gurugram,,,2024-07-03,,,2024-07-03,35.5,CITY_TOTAL,Gurugram city total,false,,UNKNOWN,IMD rain window approx 14:45–17:00; traffic disrupted about 2 hours,,Waterlogging reported in >40 locations; road depths UNKNOWN.,EVENT_CONTEXT,Source explicitly names this location. Rainfall and depth are road-specific only if the cited report says so.,Hindustan Times,https://www.hindustantimes.com/cities/gurugram-news/gurugram-flooded-again-after-35-5mm-rainfall-101720029034356.html,REQUIRES_REVIEW,,UNKNOWN,INSUFFICIENT EVIDENCE FOR THRESHOLD,"INSUFFICIENT EVIDENCE FOR THRESHOLD: rainfall and duration are contextual, not a verified road-specific causal pairing.",false,[],Citywide incidents,203,Gurugram,New Railway Road,2024-07-03,35.5,Gurugram city total,IMD rain window approx 14:45–17:00; traffic disrupted about 2 hours,Waterlogging reported in >40 locations; road depths UNKNOWN.,Source explicitly names this location. Rainfall and depth are road-specific only if the cited report says so.,NO
HIST-LOC-0204,EVT-935dc36edddd,Citywide incidents!A204:J204,,,NH-48 near Narsinghpur,NOT_ASSESSED,Gurugram,,,2024-07-03,,,2024-07-03,35.5,CITY_TOTAL,Gurugram city total,false,,UNKNOWN,IMD rain window approx 14:45–17:00; traffic disrupted about 2 hours,,Waterlogging reported in >40 locations; road depths UNKNOWN.,EVENT_CONTEXT,Source explicitly names this location. Rainfall and depth are road-specific only if the cited report says so.,Hindustan Times,https://www.hindustantimes.com/cities/gurugram-news/gurugram-flooded-again-after-35-5mm-rainfall-101720029034356.html,REQUIRES_REVIEW,,UNKNOWN,INSUFFICIENT EVIDENCE FOR THRESHOLD,"INSUFFICIENT EVIDENCE FOR THRESHOLD: rainfall and duration are contextual, not a verified road-specific causal pairing.",false,[],Citywide incidents,204,Gurugram,NH-48 near Narsinghpur,2024-07-03,35.5,Gurugram city total,IMD rain window approx 14:45–17:00; traffic disrupted about 2 hours,Waterlogging reported in >40 locations; road depths UNKNOWN.,Source explicitly names this location. Rainfall and depth are road-specific only if the cited report says so.,NO
HIST-LOC-0205,EVT-935dc36edddd,Citywide incidents!A205:J205,,,Sector 38 industrial area,NOT_ASSESSED,Gurugram,,,2024-07-03,,,2024-07-03,35.5,CITY_TOTAL,Gurugram city total,false,,UNKNOWN,IMD rain window approx 14:45–17:00; traffic disrupted about 2 hours,,Waterlogging reported in >40 locations; road depths UNKNOWN.,EVENT_CONTEXT,Source explicitly names this location. Rainfall and depth are road-specific only if the cited report says so.,Hindustan Times,https://www.hindustantimes.com/cities/gurugram-news/gurugram-flooded-again-after-35-5mm-rainfall-101720029034356.html,REQUIRES_REVIEW,,UNKNOWN,INSUFFICIENT EVIDENCE FOR THRESHOLD,"INSUFFICIENT EVIDENCE FOR THRESHOLD: rainfall and duration are contextual, not a verified road-specific causal pairing.",false,[],Citywide incidents,205,Gurugram,Sector 38 industrial area,2024-07-03,35.5,Gurugram city total,IMD rain window approx 14:45–17:00; traffic disrupted about 2 hours,Waterlogging reported in >40 locations; road depths UNKNOWN.,Source explicitly names this location. Rainfall and depth are road-specific only if the cited report says so.,NO
HIST-LOC-0206,EVT-935dc36edddd,Citywide incidents!A206:J206,,,"Tekri intersection, Sohna Road",NOT_ASSESSED,Gurugram,,,2024-07-03,,,2024-07-03,35.5,CITY_TOTAL,Gurugram city total,false,,UNKNOWN,IMD rain window approx 14:45–17:00; traffic disrupted about 2 hours,,Waterlogging reported in >40 locations; road depths UNKNOWN.,EVENT_CONTEXT,Source explicitly names this location. Rainfall and depth are road-specific only if the cited report says so.,Hindustan Times,https://www.hindustantimes.com/cities/gurugram-news/gurugram-flooded-again-after-35-5mm-rainfall-101720029034356.html,REQUIRES_REVIEW,,UNKNOWN,INSUFFICIENT EVIDENCE FOR THRESHOLD,"INSUFFICIENT EVIDENCE FOR THRESHOLD: rainfall and duration are contextual, not a verified road-specific causal pairing.",false,[],Citywide incidents,206,Gurugram,"Tekri intersection, Sohna Road",2024-07-03,35.5,Gurugram city total,IMD rain window approx 14:45–17:00; traffic disrupted about 2 hours,Waterlogging reported in >40 locations; road depths UNKNOWN.,Source explicitly names this location. Rainfall and depth are road-specific only if the cited report says so.,NO
HIST-LOC-0207,EVT-2dd061764a00,Citywide incidents!A207:J207,,,Sector 42,NOT_ASSESSED,Gurugram,,,2024-07-25,,,2024-07-25,83,WEATHER_STATION,Wazirabad gauge by 08:00; Gurgaon tehsil reported 2 mm same period,false,,UNKNOWN,Morning rain; reported sector waterlogging cleared in about 2 hours,,Waterlogging officially reported in these five sectors; depths UNKNOWN.,EVENT_CONTEXT,Source explicitly names this location. Rainfall and depth are road-specific only if the cited report says so.,The Indian Express,https://indianexpress.com/article/cities/delhi/homes-flooded-traffic-hit-drains-clogged-as-heavy-rain-lashes-gurgaon-9475715/,REQUIRES_REVIEW,,UNKNOWN,INSUFFICIENT EVIDENCE FOR THRESHOLD,"INSUFFICIENT EVIDENCE FOR THRESHOLD: rainfall and duration are contextual, not a verified road-specific causal pairing.",false,[],Citywide incidents,207,Gurugram,Sector 42,2024-07-25,83,Wazirabad gauge by 08:00; Gurgaon tehsil reported 2 mm same period,Morning rain; reported sector waterlogging cleared in about 2 hours,Waterlogging officially reported in these five sectors; depths UNKNOWN.,Source explicitly names this location. Rainfall and depth are road-specific only if the cited report says so.,NO
HIST-LOC-0208,EVT-2dd061764a00,Citywide incidents!A208:J208,,,Sector 43,NOT_ASSESSED,Gurugram,,,2024-07-25,,,2024-07-25,83,WEATHER_STATION,Wazirabad gauge by 08:00; Gurgaon tehsil reported 2 mm same period,false,,UNKNOWN,Morning rain; reported sector waterlogging cleared in about 2 hours,,Waterlogging officially reported in these five sectors; depths UNKNOWN.,EVENT_CONTEXT,Source explicitly names this location. Rainfall and depth are road-specific only if the cited report says so.,The Indian Express,https://indianexpress.com/article/cities/delhi/homes-flooded-traffic-hit-drains-clogged-as-heavy-rain-lashes-gurgaon-9475715/,REQUIRES_REVIEW,,UNKNOWN,INSUFFICIENT EVIDENCE FOR THRESHOLD,"INSUFFICIENT EVIDENCE FOR THRESHOLD: rainfall and duration are contextual, not a verified road-specific causal pairing.",false,[],Citywide incidents,208,Gurugram,Sector 43,2024-07-25,83,Wazirabad gauge by 08:00; Gurgaon tehsil reported 2 mm same period,Morning rain; reported sector waterlogging cleared in about 2 hours,Waterlogging officially reported in these five sectors; depths UNKNOWN.,Source explicitly names this location. Rainfall and depth are road-specific only if the cited report says so.,NO
HIST-LOC-0209,EVT-2dd061764a00,Citywide incidents!A209:J209,,,Sector 44,NOT_ASSESSED,Gurugram,,,2024-07-25,,,2024-07-25,83,WEATHER_STATION,Wazirabad gauge by 08:00; Gurgaon tehsil reported 2 mm same period,false,,UNKNOWN,Morning rain; reported sector waterlogging cleared in about 2 hours,,Waterlogging officially reported in these five sectors; depths UNKNOWN.,EVENT_CONTEXT,Source explicitly names this location. Rainfall and depth are road-specific only if the cited report says so.,The Indian Express,https://indianexpress.com/article/cities/delhi/homes-flooded-traffic-hit-drains-clogged-as-heavy-rain-lashes-gurgaon-9475715/,REQUIRES_REVIEW,,UNKNOWN,INSUFFICIENT EVIDENCE FOR THRESHOLD,"INSUFFICIENT EVIDENCE FOR THRESHOLD: rainfall and duration are contextual, not a verified road-specific causal pairing.",false,[],Citywide incidents,209,Gurugram,Sector 44,2024-07-25,83,Wazirabad gauge by 08:00; Gurgaon tehsil reported 2 mm same period,Morning rain; reported sector waterlogging cleared in about 2 hours,Waterlogging officially reported in these five sectors; depths UNKNOWN.,Source explicitly names this location. Rainfall and depth are road-specific only if the cited report says so.,NO
HIST-LOC-0210,EVT-2dd061764a00,Citywide incidents!A210:J210,,,Sector 55,NOT_ASSESSED,Gurugram,,,2024-07-25,,,2024-07-25,83,WEATHER_STATION,Wazirabad gauge by 08:00; Gurgaon tehsil reported 2 mm same period,false,,UNKNOWN,Morning rain; reported sector waterlogging cleared in about 2 hours,,Waterlogging officially reported in these five sectors; depths UNKNOWN.,EVENT_CONTEXT,Source explicitly names this location. Rainfall and depth are road-specific only if the cited report says so.,The Indian Express,https://indianexpress.com/article/cities/delhi/homes-flooded-traffic-hit-drains-clogged-as-heavy-rain-lashes-gurgaon-9475715/,REQUIRES_REVIEW,,UNKNOWN,INSUFFICIENT EVIDENCE FOR THRESHOLD,"INSUFFICIENT EVIDENCE FOR THRESHOLD: rainfall and duration are contextual, not a verified road-specific causal pairing.",false,[],Citywide incidents,210,Gurugram,Sector 55,2024-07-25,83,Wazirabad gauge by 08:00; Gurgaon tehsil reported 2 mm same period,Morning rain; reported sector waterlogging cleared in about 2 hours,Waterlogging officially reported in these five sectors; depths UNKNOWN.,Source explicitly names this location. Rainfall and depth are road-specific only if the cited report says so.,NO
HIST-LOC-0211,EVT-2dd061764a00,Citywide incidents!A211:J211,,,Sector 56,NOT_ASSESSED,Gurugram,,,2024-07-25,,,2024-07-25,83,WEATHER_STATION,Wazirabad gauge by 08:00; Gurgaon tehsil reported 2 mm same period,false,,UNKNOWN,Morning rain; reported sector waterlogging cleared in about 2 hours,,Waterlogging officially reported in these five sectors; depths UNKNOWN.,EVENT_CONTEXT,Source explicitly names this location. Rainfall and depth are road-specific only if the cited report says so.,The Indian Express,https://indianexpress.com/article/cities/delhi/homes-flooded-traffic-hit-drains-clogged-as-heavy-rain-lashes-gurgaon-9475715/,REQUIRES_REVIEW,,UNKNOWN,INSUFFICIENT EVIDENCE FOR THRESHOLD,"INSUFFICIENT EVIDENCE FOR THRESHOLD: rainfall and duration are contextual, not a verified road-specific causal pairing.",false,[],Citywide incidents,211,Gurugram,Sector 56,2024-07-25,83,Wazirabad gauge by 08:00; Gurgaon tehsil reported 2 mm same period,Morning rain; reported sector waterlogging cleared in about 2 hours,Waterlogging officially reported in these five sectors; depths UNKNOWN.,Source explicitly names this location. Rainfall and depth are road-specific only if the cited report says so.,NO
HIST-LOC-0212,EVT-09dc68a91e39,Citywide incidents!A212:J212,,,Narsinghpur,NOT_ASSESSED,Gurugram,,,2026-08-24,,,2026-08-24,70,CITY_TOTAL,City total by 13:30,false,,UNKNOWN,Exact rain duration UNKNOWN,,Expressway section near Cyber Hub submerged; Subhash Chowk school buses stuck >2 hours.,EVENT_CONTEXT,Source explicitly names this location. Rainfall and depth are road-specific only if the cited report says so.,The Times of India,https://timesofindia.indiatimes.com/city/gurgaon/gurgaon-administration-urges-residents-to-stay-off-waterlogged-roads-as-heavy-showers-forecast/articleshow/133792810.cms,REQUIRES_REVIEW,,UNKNOWN,INSUFFICIENT EVIDENCE FOR THRESHOLD,"INSUFFICIENT EVIDENCE FOR THRESHOLD: rainfall and duration are contextual, not a verified road-specific causal pairing.",false,[],Citywide incidents,212,Gurugram,Narsinghpur,2026-08-24,70,City total by 13:30,Exact rain duration UNKNOWN,Expressway section near Cyber Hub submerged; Subhash Chowk school buses stuck >2 hours.,Source explicitly names this location. Rainfall and depth are road-specific only if the cited report says so.,NO
HIST-LOC-0213,EVT-09dc68a91e39,Citywide incidents!A213:J213,,,Hero Honda Chowk,NOT_ASSESSED,Gurugram,,,2026-08-24,,,2026-08-24,70,CITY_TOTAL,City total by 13:30,false,,UNKNOWN,Exact rain duration UNKNOWN,,Expressway section near Cyber Hub submerged; Subhash Chowk school buses stuck >2 hours.,EVENT_CONTEXT,Source explicitly names this location. Rainfall and depth are road-specific only if the cited report says so.,The Times of India,https://timesofindia.indiatimes.com/city/gurgaon/gurgaon-administration-urges-residents-to-stay-off-waterlogged-roads-as-heavy-showers-forecast/articleshow/133792810.cms,REQUIRES_REVIEW,,UNKNOWN,INSUFFICIENT EVIDENCE FOR THRESHOLD,"INSUFFICIENT EVIDENCE FOR THRESHOLD: rainfall and duration are contextual, not a verified road-specific causal pairing.",true,[],Citywide incidents,213,Gurugram,Hero Honda Chowk,2026-08-24,70,City total by 13:30,Exact rain duration UNKNOWN,Expressway section near Cyber Hub submerged; Subhash Chowk school buses stuck >2 hours.,Source explicitly names this location. Rainfall and depth are road-specific only if the cited report says so.,YES — Hero Honda Chowk
HIST-LOC-0214,EVT-09dc68a91e39,Citywide incidents!A214:J214,,,Rajiv Chowk,NOT_ASSESSED,Gurugram,,,2026-08-24,,,2026-08-24,70,CITY_TOTAL,City total by 13:30,false,,UNKNOWN,Exact rain duration UNKNOWN,,Expressway section near Cyber Hub submerged; Subhash Chowk school buses stuck >2 hours.,EVENT_CONTEXT,Source explicitly names this location. Rainfall and depth are road-specific only if the cited report says so.,The Times of India,https://timesofindia.indiatimes.com/city/gurgaon/gurgaon-administration-urges-residents-to-stay-off-waterlogged-roads-as-heavy-showers-forecast/articleshow/133792810.cms,REQUIRES_REVIEW,,UNKNOWN,INSUFFICIENT EVIDENCE FOR THRESHOLD,"INSUFFICIENT EVIDENCE FOR THRESHOLD: rainfall and duration are contextual, not a verified road-specific causal pairing.",true,[],Citywide incidents,214,Gurugram,Rajiv Chowk,2026-08-24,70,City total by 13:30,Exact rain duration UNKNOWN,Expressway section near Cyber Hub submerged; Subhash Chowk school buses stuck >2 hours.,Source explicitly names this location. Rainfall and depth are road-specific only if the cited report says so.,YES — Rajiv Chowk
HIST-LOC-0215,EVT-09dc68a91e39,Citywide incidents!A215:J215,,,IFFCO Chowk,NOT_ASSESSED,Gurugram,,,2026-08-24,,,2026-08-24,70,CITY_TOTAL,City total by 13:30,false,,UNKNOWN,Exact rain duration UNKNOWN,,Expressway section near Cyber Hub submerged; Subhash Chowk school buses stuck >2 hours.,EVENT_CONTEXT,Source explicitly names this location. Rainfall and depth are road-specific only if the cited report says so.,The Times of India,https://timesofindia.indiatimes.com/city/gurgaon/gurgaon-administration-urges-residents-to-stay-off-waterlogged-roads-as-heavy-showers-forecast/articleshow/133792810.cms,REQUIRES_REVIEW,,UNKNOWN,INSUFFICIENT EVIDENCE FOR THRESHOLD,"INSUFFICIENT EVIDENCE FOR THRESHOLD: rainfall and duration are contextual, not a verified road-specific causal pairing.",false,[],Citywide incidents,215,Gurugram,IFFCO Chowk,2026-08-24,70,City total by 13:30,Exact rain duration UNKNOWN,Expressway section near Cyber Hub submerged; Subhash Chowk school buses stuck >2 hours.,Source explicitly names this location. Rainfall and depth are road-specific only if the cited report says so.,NO
HIST-LOC-0216,EVT-09dc68a91e39,Citywide incidents!A216:J216,,,Old Gurgaon (multiple parts),NOT_ASSESSED,Gurugram,,,2026-08-24,,,2026-08-24,70,CITY_TOTAL,City total by 13:30,false,,UNKNOWN,Exact rain duration UNKNOWN,,Expressway section near Cyber Hub submerged; Subhash Chowk school buses stuck >2 hours.,EVENT_CONTEXT,Source explicitly names this location. Rainfall and depth are road-specific only if the cited report says so.,The Times of India,https://timesofindia.indiatimes.com/city/gurgaon/gurgaon-administration-urges-residents-to-stay-off-waterlogged-roads-as-heavy-showers-forecast/articleshow/133792810.cms,REQUIRES_REVIEW,,UNKNOWN,INSUFFICIENT EVIDENCE FOR THRESHOLD,"INSUFFICIENT EVIDENCE FOR THRESHOLD: rainfall and duration are contextual, not a verified road-specific causal pairing.",false,[],Citywide incidents,216,Gurugram,Old Gurgaon (multiple parts),2026-08-24,70,City total by 13:30,Exact rain duration UNKNOWN,Expressway section near Cyber Hub submerged; Subhash Chowk school buses stuck >2 hours.,Source explicitly names this location. Rainfall and depth are road-specific only if the cited report says so.,NO
HIST-LOC-0217,EVT-09dc68a91e39,Citywide incidents!A217:J217,,,Subhash Chowk,NOT_ASSESSED,Gurugram,,,2026-08-24,,,2026-08-24,70,CITY_TOTAL,City total by 13:30,false,,UNKNOWN,Exact rain duration UNKNOWN,,Expressway section near Cyber Hub submerged; Subhash Chowk school buses stuck >2 hours.,EVENT_CONTEXT,Source explicitly names this location. Rainfall and depth are road-specific only if the cited report says so.,The Times of India,https://timesofindia.indiatimes.com/city/gurgaon/gurgaon-administration-urges-residents-to-stay-off-waterlogged-roads-as-heavy-showers-forecast/articleshow/133792810.cms,REQUIRES_REVIEW,,UNKNOWN,INSUFFICIENT EVIDENCE FOR THRESHOLD,"INSUFFICIENT EVIDENCE FOR THRESHOLD: rainfall and duration are contextual, not a verified road-specific causal pairing.",false,[],Citywide incidents,217,Gurugram,Subhash Chowk,2026-08-24,70,City total by 13:30,Exact rain duration UNKNOWN,Expressway section near Cyber Hub submerged; Subhash Chowk school buses stuck >2 hours.,Source explicitly names this location. Rainfall and depth are road-specific only if the cited report says so.,NO
HIST-LOC-0218,EVT-09dc68a91e39,Citywide incidents!A218:J218,,,Delhi–Gurgaon Expressway near Cyber Hub,NOT_ASSESSED,Gurugram,,,2026-08-24,,,2026-08-24,70,CITY_TOTAL,City total by 13:30,false,,UNKNOWN,Exact rain duration UNKNOWN,,Expressway section near Cyber Hub submerged; Subhash Chowk school buses stuck >2 hours.,EVENT_CONTEXT,Source explicitly names this location. Rainfall and depth are road-specific only if the cited report says so.,The Times of India,https://timesofindia.indiatimes.com/city/gurgaon/gurgaon-administration-urges-residents-to-stay-off-waterlogged-roads-as-heavy-showers-forecast/articleshow/133792810.cms,REQUIRES_REVIEW,,UNKNOWN,INSUFFICIENT EVIDENCE FOR THRESHOLD,"INSUFFICIENT EVIDENCE FOR THRESHOLD: rainfall and duration are contextual, not a verified road-specific causal pairing.",true,[],Citywide incidents,218,Gurugram,Delhi–Gurgaon Expressway near Cyber Hub,2026-08-24,70,City total by 13:30,Exact rain duration UNKNOWN,Expressway section near Cyber Hub submerged; Subhash Chowk school buses stuck >2 hours.,Source explicitly names this location. Rainfall and depth are road-specific only if the cited report says so.,YES — Cyber Hub
